state,year,distid_stateassigned,schoolid_stateassigned,distname,schoolname,ncesdistid_admin,ncesdistid_geo,census_id,ncesid,ncesenroll,gradespan,level,enroll_raw_VT,enrollmetric,pp_stloc_raw_VT,pp_fed_raw_VT,pp_total_raw_VT,schoolstloc_raw_VT,schoolfed_raw_VT,schooltot_raw_VT,pp_total_norm_NERDS,su_id_raw_VT,su_name_raw_VT,countenroll,noaudit,nositecen,adfinvars,distflex,flag_nerds,flag_f33
VT,2018-2019,U055,PS076,Addison Central Unified School District,BINGHAM MEMORIAL SCHOOL,5000402.0,5000402,46500180200000.0,500040200095,88.0,PK-06,2.0,76,October Count Day,13010,397,13407,988760,30172,1018932,,SU003,ADDISON CENTRAL SU,1,0,1,0,0,0,1
VT,2018-2019,U055,PS043,Addison Central Unified School District,BRIDPORT CENTRAL SCHOOL,5000402.0,5000402,46500180200000.0,500040200052,81.0,PK-06,2.0,58,October Count Day,18254,557,18811,1058732,32306,1091038,,SU003,ADDISON CENTRAL SU,1,0,1,0,0,0,1
VT,2018-2019,U055,PS179,Addison Central Unified School District,MIDDLEBURY ID#4,5000402.0,5000402,46500180200000.0,500040200187,538.0,PK-06,2.0,433,October Count Day,13370,408,13778,5789210,176664,5965874,,SU003,ADDISON CENTRAL SU,1,0,1,0,0,0,1
VT,2018-2019,U055,PS180,Addison Central Unified School District,MIDDLEBURY UNION HIGH SCHOOL,5000402.0,5000402,46500180200000.0,500040200189,524.0,09-12,4.0,524,October Count Day,13572,414,13986,7111728,216936,7328664,,SU003,ADDISON CENTRAL SU,1,0,1,0,0,0,1
VT,2018-2019,U055,PS366,Addison Central Unified School District,MIDDLEBURY UNION MIDDLE SCHOOL #3,5000402.0,5000402,46500180200000.0,500040200469,271.0,07-08,3.0,271,October Count Day,14587,445,15032,3953077,120595,4073672,,SU003,ADDISON CENTRAL SU,1,0,1,0,0,0,1
VT,2018-2019,U055,PS244,Addison Central Unified School District,RIPTON ELEMENTARY SCHOOL,5000402.0,5000402,46500180200000.0,500040200259,55.0,PK-06,2.0,46,October Count Day,17819,543,18362,819674,24978,844652,,SU003,ADDISON CENTRAL SU,1,0,1,0,0,0,1
VT,2018-2019,U055,PS259,Addison Central Unified School District,SALISBURY COMMUNITY SCHOOL,5000402.0,5000402,46500180200000.0,500040200445,106.0,PK-06,2.0,90,October Count Day,16791,512,17303,1511190,46080,1557270,,SU003,ADDISON CENTRAL SU,1,0,1,0,0,0,1
VT,2018-2019,U055,PS268,Addison Central Unified School District,SHOREHAM ELEMENTARY SCHOOL,5000402.0,5000402,46500180200000.0,500040200288,102.0,PK-06,2.0,81,October Count Day,14589,445,15034,1181709,36045,1217754,,SU003,ADDISON CENTRAL SU,1,0,1,0,0,0,1
VT,2018-2019,U055,PS336,Addison Central Unified School District,WEYBRIDGE ELEMENTARY SCHOOL,5000402.0,5000402,46500180200000.0,500040200376,62.0,PK-06,2.0,55,October Count Day,15008,458,15466,825440,25190,850630,,SU003,ADDISON CENTRAL SU,1,0,1,0,0,0,1
VT,2018-2019,U054,PS002,Addison Northwest Unified School District,ADDISON CENTRAL SCHOOL,5000398.0,5000398,46500180300000.0,500039800001,79.0,PK-06,2.0,66,October Count Day,15125,723,15848,998250,47718,1045968,,SU002,ADDISON NORTHWEST SU,1,0,1,0,0,0,1
VT,2018-2019,U054,PS108,Addison Northwest Unified School District,FERRISBURGH CENTRAL SCHOOL,5000398.0,5000398,46500180300000.0,500039800133,157.0,PK-06,2.0,122,October Count Day,15825,756,16581,1930650,92232,2022882,,SU002,ADDISON NORTHWEST SD,1,0,1,0,0,0,1
VT,2018-2019,U054,PS311,Addison Northwest Unified School District,VERGENNES UES #44,5000398.0,5000398,46500180300000.0,500039800349,264.0,PK-06,2.0,229,October Count Day,11903,569,12472,2725787,130301,2856088,,SU002,ADDISON NORTHWEST SD,1,0,1,0,0,0,1
VT,2018-2019,U054,PS312,Addison Northwest Unified School District,VERGENNES UHS #5,5000398.0,5000398,46500180300000.0,500039800350,470.0,07-12,4.0,470,October Count Day,11590,554,12144,5447300,260380,5707680,,SU002,ADDISON NORTHWEST SD,1,0,1,0,0,0,1
VT,2018-2019,T003,PS010,Alburg School District,ALBURGH COMMUNITY ED CENTER,5001770.0,5001770,46500700100000.0,500177000004,222.0,PK-08,3.0,187,October Count Day,12463,0,12463,2330581,0,2330581,,SU024,GRAND ISLE SU,1,0,1,0,0,1,1
VT,2018-2019,T005,PS011,Arlington School District,ARLINGTON MEMORIAL HIGH SCHOOL,5001830.0,5001830,46500200400000.0,500183000005,200.0,06-12,4.0,200,October Count Day,12607,0,12607,2521400,0,2521400,14434.52736,SU060,BATTENKILL VALLEY SU,1,0,1,0,0,0,0
VT,2018-2019,T005,PS109,Arlington School District,FISHER SCHOOL,5001830.0,5001830,46500200400000.0,500183000006,201.0,PK-05,2.0,159,October Count Day,16226,0,16226,2579934,0,2579934,18053.52736,SU060,BATTENKILL VALLEY SU,1,0,1,0,0,0,0
VT,2018-2019,T009,PS017,Barnard School District,BARNARD ACADEMY,5001950.0,5001950,46501400500000.0,500195000011,82.0,PK-06,2.0,60,October Count Day,15056,0,15056,903360,0,903360,18283.31707,SU051,WINDSOR CENTRAL SU,1,0,1,0,0,0,0
VT,2018-2019,U097,PS381,Barre Unified Union School District #97,BARRE CITY ELEM/MIDDLE SCHOOL,5002010.0,5000445,46501200100000.0,500044500055,,PK-08,3.0,770,October Count Day,11549,0,11549,8892730,0,8892730,12930.46861,SU061,BARRE SU,1,0,1,0,0,0,0
VT,2018-2019,U097,PS020,Barre Unified Union School District #97,BARRE TOWN ELEMENTARY SCHOOL,5002040.0,5000445,46501200200000.0,500044500024,,PK-08,3.0,691,October Count Day,10377,0,10377,7170507,0,7170507,11934.51897,SU061,BARRE SU,1,0,1,0,0,0,0
VT,2018-2019,U097,VC002,Barre Unified Union School District #97,Central Vermont Career Center,,5000445,,500044500119,,09-12,4.0,NRD,October Count Day,NRD,NRD,NRD,NRD,NRD,NRD,,NRD,NRD,1,0,1,0,0,1,0
VT,2018-2019,U097,PS276,Barre Unified Union School District #97,SPAULDING UHS #41,,5000445,46501220100000.0,500044500419,,09-12,4.0,669,October Count Day,11126,0,11126,7443294,0,7443294,,SU061,BARRE SU,1,0,1,0,0,0,0
VT,2018-2019,U049,PS021,Barstow Unified School District,BARSTOW MEMORIAL SCHOOL,5000390.0,5000390,46501190600000.0,500039009274,210.0,PK-08,3.0,186,October Count Day,11220,0,11220,2086920,0,2086920,12423.06306,SU036,RUTLAND NORTHEAST SU,1,0,1,0,0,0,0
VT,2018-2019,U027,PS025,Bellows Falls UHSD #27,BELLOWS FALLS UHS #27,5008246.0,5008246,46501390100000.0,500824600346,332.0,09-12,4.0,332,October Count Day,0,0,0,0,0,0,,SU047,WINDHAM NORTHEAST SU,1,0,1,0,0,1,1
VT,2018-2019,U021,PS036,Blue Mountain USD #21,BLUE MOUNTAIN US #21,5008224.0,5008224,46500920100000.0,500822400334,405.0,PK-12,4.0,369,October Count Day,12429,629,13058,4586301,232101,4818402,,SU027,ORANGE EAST SU,1,0,1,0,0,1,1
VT,2018-2019,T030,PS044,Brighton School District,BRIGHTON ELEMENTARY SCHOOL,5002610.0,5002610,46500500300000.0,500261000054,101.0,PK-08,3.0,87,October Count Day,13065,808,13873,1136655,70296,1206951,,SU031,NORTH COUNTRY SU,1,0,1,0,0,1,1
VT,2018-2019,T037,PS052,Burlington School District,BURLINGTON SENIOR HIGH SCHOOL,5002820.0,5002820,46500400500000.0,500282000063,945.0,09-12,4.0,945,October Count Day,10891,960,11851,10291995,907200,11199195,,SU015,BURLINGTON SD,1,0,1,0,0,0,1
VT,2018-2019,T037,VC004,Burlington School District,Burlington Technical Center,5002820.0,5002820,46500400500000.0,500282000080,0.0,09-12,4.0,NRD,October Count Day,NRD,NRD,NRD,NRD,NRD,NRD,,NRD,NRD,1,0,1,0,0,1,1
VT,2018-2019,T037,PS080,Burlington School District,C P SMITH SCHOOL,5002820.0,5002820,46500400500000.0,500282000064,280.0,PK-05,2.0,280,October Count Day,11905,1050,12955,3333400,294000,3627400,,SU015,BURLINGTON SD,1,0,1,0,0,0,1
VT,2018-2019,T037,PS065,Burlington School District,CHAMPLAIN ELEMENTARY SCHOOL,5002820.0,5002820,46500400500000.0,500282000065,675.0,PK-05,2.0,305,October Count Day,11113,980,12093,3389465,298900,3688365,,SU015,BURLINGTON SD,1,0,1,0,0,0,1
VT,2018-2019,T037,PS094,Burlington School District,EDMUNDS ELEMENTARY SCHOOL,5002820.0,5002820,46500400500000.0,500282000071,295.0,PK-05,2.0,295,October Count Day,12445,1097,13542,3671275,323615,3994890,,SU015,BURLINGTON SD,1,0,1,0,0,0,1
VT,2018-2019,T037,PS095,Burlington School District,EDMUNDS MIDDLE SCHOOL,5002820.0,5002820,46500400500000.0,500282000066,407.0,06-08,3.0,407,October Count Day,12332,1088,13420,5019124,442816,5461940,,SU015,BURLINGTON SD,1,0,1,0,0,0,1
VT,2018-2019,T037,PS337,Burlington School District,INTEGRATED ARTS ACAD AT HO WHEELER,5002820.0,5002820,46500400500000.0,500282000073,291.0,PK-05,2.0,266,October Count Day,13540,1194,14734,3601640,317604,3919244,,SU015,BURLINGTON SD,1,0,1,0,0,0,1
VT,2018-2019,T037,PS155,Burlington School District,J J FLYNN SCHOOL,5002820.0,5002820,46500400500000.0,500282000068,340.0,PK-05,2.0,300,October Count Day,13471,1188,14659,4041300,356400,4397700,,SU015,BURLINGTON SD,1,0,1,0,0,0,1
VT,2018-2019,T037,PS169,Burlington School District,LYMAN C HUNT MIDDLE SCHOOL,5002820.0,5002820,46500400500000.0,500282000070,409.0,06-08,3.0,409,October Count Day,12346,1089,13435,5049514,445401,5494915,,SU015,BURLINGTON SD,1,0,1,0,0,0,1
VT,2018-2019,T037,PS159,Burlington School District,SUSTAIN ACAD AT LAWRENCE BARNES,5002820.0,5002820,46500400500000.0,500282000069,192.0,PK-05,2.0,173,October Count Day,16448,1451,17899,2845504,251023,3096527,,SU015,BURLINGTON SD,1,0,1,0,0,0,1
VT,2018-2019,T038,PS055,Cabot School District,CABOT SCHOOL,5002850.0,5002850,46501200400000.0,500285000074,163.0,PK-12,4.0,143,October Count Day,15053,0,15053,2152579,0,2152579,16983.24699,SU009,CALEDONIA CENTRAL SU,1,0,1,0,0,0,0
VT,2018-2019,U078,PS018,Caledonia Cooperative Unified School District,BARNET ELEMENTARY SCHOOL,5000412.0,5000412,46500380400000.0,500041200421,191.0,PK-08,3.0,170,October Count Day,13210,0,13210,2245700,0,2245700,,SU009,CALEDONIA CENTRAL SU,1,0,1,0,0,0,1
VT,2018-2019,U078,PS316,Caledonia Cooperative Unified School District,WALDEN SCHOOL,5000412.0,5000412,46500380400000.0,500041200448,77.0,PK-08,3.0,66,October Count Day,18069,0,18069,1192554,0,1192554,,SU009,CALEDONIA CENTRAL SU,1,0,1,0,0,0,1
VT,2018-2019,U078,PS324,Caledonia Cooperative Unified School District,WATERFORD ELEMENTARY SCHOOL,5000412.0,5000412,46500380400000.0,500041200363,155.0,PK-08,3.0,138,October Count Day,12221,0,12221,1686498,0,1686498,,SU009,CALEDONIA CENTRAL SU,1,0,1,0,0,0,1
VT,2018-2019,T040,PS057,Cambridge School District,CAMBRIDGE ELEMENTARY SCHOOL,5002910.0,5002910,46500800200000.0,500291000077,333.0,PK-06,2.0,276,October Count Day,10835,733,11568,2990460,202308,3192768,,SU025,LAMOILLE NORTH SU,1,0,1,0,0,1,1
VT,2018-2019,T041,PS059,Canaan School District,CANAAN SCHOOLS,5002940.0,5002940,46500500400000.0,500294000426,197.0,PK-12,4.0,178,October Count Day,14959,0,14959,2662702,0,2662702,17001.12183,SU019,ESSEX NORTH SU,1,0,1,0,0,0,0
VT,2018-2019,U066,PS122,Champlain Islands Unified Union School District #66,GRAND ISLE  SCHOOL,5004290.0,5000435,46500700200000.0,500043500140,,PK-06,2.0,156,October Count Day,11842,0,11842,1847352,0,1847352,17127.3,SU024,GRAND ISLE SU,1,0,1,0,0,0,0
VT,2018-2019,U066,PS148,Champlain Islands Unified Union School District #66,ISLE LA MOTTE ELEMENTARY SCHOOL,5004890.0,5000435,46500700300000.0,500043500164,,PK-06,2.0,28,October Count Day,14133,0,14133,395724,0,395724,19314.93103,SU024,GRAND ISLE SU,1,0,1,0,0,0,0
VT,2018-2019,U066,PS209,Champlain Islands Unified Union School District #66,NORTH HERO SCHOOL,5006090.0,5000435,46500700400000.0,500043500221,,PK-06,2.0,51,October Count Day,10376,0,10376,529176,0,529176,13759.2,SU024,GRAND ISLE SU,1,0,1,0,0,0,0
VT,2018-2019,U056,PS066,Champlain Valley Unified School District,CHAMPLAIN VALLEY UHS #15,5000396.0,5000396,46500470500000.0,500039600082,1291.0,09-12,4.0,1291,October Count Day,11523,241,11764,14876193,311131,15187324,,SU014,CHAMPLAIN VALLEY SUPERVISORY DISTRICT,1,0,1,0,0,0,1
VT,2018-2019,U056,PS068,Champlain Valley Unified School District,CHARLOTTE CENTRAL SCHOOL,5000396.0,5000396,46500470500000.0,500039600084,412.0,PK-08,3.0,354,October Count Day,13151,275,13426,4655454,97350,4752804,,SU014,CHAMPLAIN VALLEY SUPERVISORY DISTRICT,1,0,1,0,0,0,1
VT,2018-2019,U056,PS143,Champlain Valley Unified School District,HINESBURG COMMUNITY SCHOOL,5000396.0,5000396,46500470500000.0,500039600158,593.0,PK-08,3.0,512,October Count Day,11430,239,11669,5852160,122368,5974528,,SU014,CHAMPLAIN VALLEY SUPERVISORY DISTRICT,1,0,1,0,0,0,1
VT,2018-2019,U056,PS264,Champlain Valley Unified School District,SHELBURNE COMMUNITY SCHOOL,5000396.0,5000396,46500470500000.0,500039600284,857.0,PK-08,3.0,720,October Count Day,11757,246,12003,8465040,177120,8642160,,SU014,CHAMPLAIN VALLEY SUPERVISORY DISTRICT,1,0,1,0,0,0,1
VT,2018-2019,U056,PS398,Champlain Valley Unified School District,WILLISTON SCHOOLS,5000396.0,5000396,46500470500000.0,500039600243,1091.0,PK-08,3.0,980,October Count Day,11635,244,11879,11402300,239120,11641420,,SU014,CHAMPLAIN VALLEY SUPERVISORY DISTRICT,1,0,1,0,0,0,1
VT,2018-2019,T044,PS067,Charleston School District,CHARLESTON ELEM SCHOOL,5003060.0,5003060,46501000500000.0,500306000083,102.0,PK-08,3.0,84,October Count Day,13168,1233,14401,1106112,103572,1209684,,SU031,NORTH COUNTRY SU,1,0,1,0,0,1,1
VT,2018-2019,T050,PS072,Colchester School District,COLCHESTER HIGH SCHOOL,5003240.0,5003240,46500400700000.0,500324000087,632.0,09-12,4.0,632,October Count Day,13060,0,13060,8253920,0,8253920,,SU007,COLCHESTER SD,1,0,1,0,0,0,1
VT,2018-2019,T050,PS073,Colchester School District,COLCHESTER MIDDLE SCHOOL,5003240.0,5003240,46500400700000.0,500324000088,496.0,06-08,3.0,496,October Count Day,11187,0,11187,5548752,0,5548752,,SU007,COLCHESTER SD,1,0,1,0,0,0,1
VT,2018-2019,T050,PS174,Colchester School District,MALLETTS BAY SCHOOL,5003240.0,5003240,46500400700000.0,500324000090,483.0,03-05,2.0,483,October Count Day,9695,0,9695,4682685,0,4682685,,SU007,COLCHESTER SD,1,0,1,0,0,0,1
VT,2018-2019,T050,PS227,Colchester School District,PORTERS POINT SCHOOL,5003240.0,5003240,46500400700000.0,500324000091,492.0,PK-02,2.0,241,October Count Day,13347,0,13347,3216627,0,3216627,,SU007,COLCHESTER SD,1,0,1,0,0,0,1
VT,2018-2019,T050,PS309,Colchester School District,UNION MEMORIAL SCHOOL,5003240.0,5003240,46500400700000.0,500324000092,250.0,PK-02,2.0,250,October Count Day,12209,0,12209,3052250,0,3052250,,SU007,COLCHESTER SD,1,0,1,0,0,0,1
VT,2018-2019,T054,PS077,Coventry School District,COVENTRY VILLAGE SCHOOL,5003360.0,5003360,46501000600000.0,500336000096,148.0,PK-08,3.0,134,October Count Day,9442,1414,10856,1265228,189476,1454704,,SU031,NORTH COUNTRY SU,1,0,1,0,0,1,1
VT,2018-2019,T055,PS078,Craftsbury School District,CRAFTSBURY SCHOOLS,5003390.0,5003390,46501000700000.0,500339000428,197.0,PK-12,4.0,176,October Count Day,11433,56,11489,2012208,9856,2022064,13884.61421,SU035,ORLEANS SOUTHWEST SU,1,0,1,0,0,0,0
VT,2018-2019,T057,PS082,Danville School District,DANVILLE SCHOOL,5003450.0,5003450,46500300300000.0,500345000451,375.0,PK-12,4.0,336,October Count Day,11959,0,11959,4018224,0,4018224,13833.06933,SU009,CALEDONIA CENTRAL SU,1,0,1,0,0,0,0
VT,2018-2019,T058,PS084,Derby School District,DERBY ELEMENTARY SCHOOL,5003480.0,5003480,46501000800000.0,500348000429,444.0,PK-06,2.0,376,October Count Day,7795,904,8699,2930920,339904,3270824,,SU031,NORTH COUNTRY SU,1,0,1,0,0,1,1
VT,2018-2019,U067,PS215,Echo Valley Community School District,ORANGE CENTER SCHOOL,5000430.0,5000430,46500980300000.0,500043000551,79.0,05-08,3.0,79,October Count Day,11874,0,11874,938046,0,938046,13569.77895,SU068,CENTRAL VERMONT SU,1,0,1,0,0,0,0
VT,2018-2019,U067,PS322,Echo Valley Community School District,WASHINGTON VILLAGE SCHOOL,5000430.0,5000430,46500980300000.0,500043000548,111.0,PK-04,2.0,92,October Count Day,11193,0,11193,1029756,0,1029756,12888.77895,SU068,CENTRAL VERMONT SU,1,0,1,0,0,0,0
VT,2018-2019,U088,VC005,Enosburgh-Richford Unified Union School District #88,Cold Hollow Career Center,,5000444,,500044400089,,09-12,4.0,NRD,October Count Day,NRD,NRD,NRD,NRD,NRD,NRD,,NRD,NRD,1,0,1,0,0,1,0
VT,2018-2019,U088,PS096,Enosburgh-Richford Unified Union School District #88,ENOSBURG FALLS ELEMENTARY SCHOOL,5003780.0,5000444,46500600100000.0,500044400113,,PK-05,2.0,213,October Count Day,10683,108,10791,2275479,23004,2298483,15760.92221,SU020,FRANKLIN NORTHEAST SU,1,0,1,0,0,0,0
VT,2018-2019,U088,PS098,Enosburgh-Richford Unified Union School District #88,ENOSBURG FALLS MIDDLE-HIGH SCHOOL,5003780.0,5000444,46500600100000.0,500044400022,,06-12,4.0,426,October Count Day,10203,104,10307,4346478,44304,4390782,15276.92221,SU020,FRANKLIN NORTHEAST SU,1,0,1,0,0,0,0
VT,2018-2019,U088,PS241,Enosburgh-Richford Unified Union School District #88,RICHFORD ELEMENTARY SCHOOL,5006810.0,5000444,46500601100000.0,500044400255,,PK-05,2.0,148,October Count Day,12234,0,12234,1810632,0,1810632,16436.93427,SU020,FRANKLIN NORTHEAST SU,1,0,1,0,0,0,0
VT,2018-2019,U088,PS242,Enosburgh-Richford Unified Union School District #88,RICHFORD JR/SR HIGH SCHOOL,5006810.0,5000444,46500601100000.0,500044400256,,06-12,4.0,231,October Count Day,9978,0,9978,2304918,0,2304918,14180.93427,SU020,FRANKLIN NORTHEAST SU,1,0,1,0,0,0,0
VT,2018-2019,U051,PS009,Essex-Westford Educational Community Unified School District,ALBERT D LAWTON SCHOOL,5000395.0,5000395,46500470400000.0,500039500115,357.0,06-08,3.0,357,October Count Day,12303,330,12633,4392171,117810,4509981,,SU065,ESSEX-WESTFORD SUPERVISORY DISTRICT,1,0,1,0,0,0,1
VT,2018-2019,U051,PS388,Essex-Westford Educational Community Unified School District,ESSEX COMMUNITY ED CENTER,5000395.0,5000395,46500470400000.0,500039500120,1248.0,09-12,4.0,1248,October Count Day,11635,312,11947,14520480,389376,14909856,,SU065,ESSEX-WESTFORD SUPERVISORY DISTRICT,1,0,1,0,0,0,1
VT,2018-2019,U051,PS099,Essex-Westford Educational Community Unified School District,ESSEX ELEMENTARY SCHOOL,5000395.0,5000395,46500470400000.0,500039500123,536.0,PK-02,2.0,338,October Count Day,15371,413,15784,5195398,139594,5334992,,SU065,ESSEX-WESTFORD SUPERVISORY DISTRICT,1,0,1,0,0,0,1
VT,2018-2019,U051,PS101,Essex-Westford Educational Community Unified School District,ESSEX MIDDLE SCHOOL,5000395.0,5000395,46500470400000.0,500039500121,421.0,06-08,3.0,421,October Count Day,11664,313,11977,4910544,131773,5042317,,SU065,ESSEX-WESTFORD SUPERVISORY DISTRICT,1,0,1,0,0,0,1
VT,2018-2019,U051,PS113,Essex-Westford Educational Community Unified School District,FOUNDERS MEMORIAL SCHOOL,5000395.0,5000395,46500470400000.0,500039500403,419.0,03-05,2.0,419,October Count Day,10921,293,11214,4575899,122767,4698666,,SU065,ESSEX-WESTFORD SUPERVISORY DISTRICT,1,0,1,0,0,0,1
VT,2018-2019,U051,PS141,Essex-Westford Educational Community Unified School District,HIAWATHA SCHOOL,5000395.0,5000395,46500470400000.0,500039500117,207.0,PK-03,2.0,189,October Count Day,15707,422,16129,2968623,79758,3048381,,SU065,ESSEX-WESTFORD SUPERVISORY DISTRICT,1,0,1,0,0,0,1
VT,2018-2019,U051,PS292,Essex-Westford Educational Community Unified School District,SUMMIT STREET SCHOOL,5000395.0,5000395,46500470400000.0,500039500452,332.0,PK-03,2.0,204,October Count Day,13660,367,14027,2786640,74868,2861508,,SU065,ESSEX-WESTFORD SUPERVISORY DISTRICT,1,0,1,0,0,0,1
VT,2018-2019,U051,VC006,Essex-Westford Educational Community Unified School District,The Center for Technology - Essex,5000395.0,5000395,46500470400000.0,500039500122,0.0,09-12,4.0,NRD,October Count Day,NRD,NRD,NRD,NRD,NRD,NRD,,NRD,NRD,1,0,1,0,0,1,1
VT,2018-2019,U051,PS299,Essex-Westford Educational Community Unified School District,THOMAS FLEMING SCHOOL,5000395.0,5000395,46500470400000.0,500039500453,236.0,04-05,2.0,236,October Count Day,11197,301,11498,2642492,71036,2713528,,SU065,ESSEX-WESTFORD SUPERVISORY DISTRICT,1,0,1,0,0,0,1
VT,2018-2019,U051,PS333,Essex-Westford Educational Community Unified School District,WESTFORD ELEMENTARY SCHOOL,5000395.0,5000395,46500470400000.0,500039500373,198.0,PK-08,3.0,164,October Count Day,13258,356,13614,2174312,58384,2232696,,SU065,ESSEX-WESTFORD SUPERVISORY DISTRICT,1,0,1,0,0,0,1
VT,2018-2019,T071,PS027,Fairfax School District,BELLOWS FREE ACADEMY ELEM (FAIRFAX),5003930.0,5003930,46500600400000.0,500393000206,532.0,PK-06,2.0,432,October Count Day,12596,0,12596,5441472,0,5441472,14273.71443,SU022,FRANKLIN WEST SU,1,0,1,0,0,0,0
VT,2018-2019,T071,PS405,Fairfax School District,BELLOWS FREE ACADEMY MIDDLE/HS (FAIRFAX),5003930.0,5003930,46500600400000.0,500393000204,437.0,07-12,4.0,437,October Count Day,6573,0,6573,2872401,0,2872401,8250.714432,SU022,FRANKLIN WEST SU,1,0,1,0,0,0,0
VT,2018-2019,U082,PS069,First Branch Unified School District,CHELSEA ELEM MIDDLE SCHOOL,5000429.0,5000429,,500042900550,131.0,PK-08,3.0,114,October Count Day,17260,0,17260,1967640,0,1967640,,SU030,WHITE RIVER VALLEY SU,1,0,1,0,0,0,1
VT,2018-2019,U082,PS303,First Branch Unified School District,TUNBRIDGE CENTRAL SCHOOL,5000429.0,5000429,,500042900330,117.0,PK-08,3.0,107,October Count Day,16569,0,16569,1772883,0,1772883,,SU030,WHITE RIVER VALLEY SU,1,0,1,0,0,0,1
VT,2018-2019,T077,PS110,Fletcher School District,FLETCHER ELEMENTARY SCHOOL,5004080.0,5004080,46500600600000.0,500408000134,119.0,PK-06,2.0,97,October Count Day,11615,660,12275,1126655,64020,1190675,15086.04167,SU022,FRANKLIN WEST SU,1,0,1,0,0,0,0
VT,2018-2019,T079,PS117,Georgia School District,GEORGIA ELEM/MIDDLE SCHOOL,5004140.0,5004140,46500600800000.0,500414000136,682.0,PK-08,3.0,574,October Count Day,10190,0,10190,5849060,0,5849060,12184.07299,SU022,FRANKLIN WEST SU,1,0,1,0,0,0,0
VT,2018-2019,U077,PS063,Green Mountain Unified School District,CAVENDISH TOWN ELEM SCHOOL,5000427.0,5000427,46501480100000.0,500042700081,104.0,PK-06,2.0,92,October Count Day,13743,0,13743,1264356,0,1264356,,SU063,TWO RIVERS SU,1,0,1,0,0,0,1
VT,2018-2019,U077,PS070,Green Mountain Unified School District,CHESTER ANDOVER US #29,5000427.0,5000427,46501480100000.0,500042700345,292.0,PK-06,2.0,239,October Count Day,10906,0,10906,2606534,0,2606534,,SU063,TWO RIVERS SU,1,0,1,0,0,0,1
VT,2018-2019,U077,PS124,Green Mountain Unified School District,GREEN MOUNTAIN UHS #35,5000427.0,5000427,46501480100000.0,500042700348,318.0,07-12,4.0,318,October Count Day,13302,0,13302,4230036,0,4230036,,SU063,TWO RIVERS SU,1,0,1,0,0,0,1
VT,2018-2019,T093,PS378,Hartford School District,DOTHAN BROOK SCHOOL,5004590.0,5004590,46501401000000.0,500459000047,267.0,PK-05,2.0,212,October Count Day,15562,292,15854,3299144,61904,3361048,,SU054,HARTFORD SD,1,0,1,0,0,0,1
VT,2018-2019,T093,VC007,Hartford School District,Hartford Area Career & Technology Center,5004590.0,5004590,46501401000000.0,500459000093,0.0,09-12,4.0,NRD,October Count Day,NRD,NRD,NRD,NRD,NRD,NRD,,NRD,NRD,1,0,1,0,0,1,1
VT,2018-2019,T093,PS134,Hartford School District,HARTFORD HIGH SCHOOL,5004590.0,5004590,46501401000000.0,500459000151,477.0,09-12,4.0,477,October Count Day,14540,273,14813,6935580,130221,7065801,,SU054,HARTFORD SD,1,0,1,0,0,0,1
VT,2018-2019,T093,PS135,Hartford School District,HARTFORD MEM MIDDLE SCHOOL,5004590.0,5004590,46501401000000.0,500459000150,315.0,06-08,3.0,315,October Count Day,12776,240,13016,4024440,75600,4100040,,SU054,HARTFORD SD,1,0,1,0,0,0,1
VT,2018-2019,T093,PS380,Hartford School District,OTTAUQUECHEE SCHOOL,5004590.0,5004590,46501401000000.0,500459000062,228.0,PK-05,2.0,186,October Count Day,15034,282,15316,2796324,52452,2848776,,SU054,HARTFORD SD,1,0,1,0,0,0,1
VT,2018-2019,T093,PS339,Hartford School District,WHITE RIVER SCHOOL,5004590.0,5004590,46501401000000.0,500459000153,235.0,PK-05,2.0,189,October Count Day,17217,323,17540,3254013,61047,3315060,,SU054,HARTFORD SD,1,0,1,0,0,0,1
VT,2018-2019,T094,PS137,Hartland School District,HARTLAND ELEMENTARY SCHOOL,5004620.0,5004620,46501401100000.0,500462000155,285.0,PK-08,3.0,285,October Count Day,12445,0,12445,3546825,0,3546825,,SU052,WINDSOR SOUTHEAST SU,1,0,1,0,0,1,1
VT,2018-2019,U060,PS391,Harwood Unified School District,CROSSETT BROOK MIDDLE US #45,5000403.0,5000403,46501230100000.0,500040300146,284.0,05-08,3.0,284,October Count Day,12961,321,13282,3680924,91164,3772088,,SU042,HARWOOD UNIFIED UNION SD,1,0,1,0,0,0,1
VT,2018-2019,U060,PS107,Harwood Unified School District,FAYSTON ELEMENTARY SCHOOL,5000403.0,5000403,46501230100000.0,500040300132,96.0,PK-06,2.0,81,October Count Day,16736,414,17150,1355616,33534,1389150,,SU042,HARWOOD UNIFIED UNION SD,1,0,1,0,0,0,1
VT,2018-2019,U060,PS393,Harwood Unified School District,HARWOOD UNION MIDDLE UHS #19,5000403.0,5000403,46501230100000.0,500040300169,,,,134,October Count Day,11096,275,11371,1486864,36850,1523714,,SU042,WASHINGTON WEST SU,1,0,1,0,0,0,1
VT,2018-2019,U060,PS138,Harwood Unified School District,HARWOOD UNION MIDDLE/HS #19,5000403.0,5000403,46501230100000.0,500040300148,472.0,07-12,4.0,472,October Count Day,15915,394,16309,7511880,185968,7697848,,SU042,HARWOOD UNIFIED UNION SD,1,0,1,0,0,0,1
VT,2018-2019,U060,PS193,Harwood Unified School District,MORETOWN ELEMENTARY SCHOOL,5000403.0,5000403,46501230100000.0,500040300202,162.0,PK-06,2.0,110,October Count Day,14615,362,14977,1607650,39820,1647470,,SU042,HARWOOD UNIFIED UNION SD,1,0,1,0,0,0,1
VT,2018-2019,U060,PS390,Harwood Unified School District,THATCHER BROOK PRIMARY US #45,5000403.0,5000403,46501230100000.0,500040300130,439.0,PK-04,2.0,339,October Count Day,12596,312,12908,4270044,105768,4375812,,SU042,HARWOOD UNIFIED UNION SD,1,0,1,0,0,0,1
VT,2018-2019,U060,PS315,Harwood Unified School District,WAITSFIELD ELEM SCHOOL,5000403.0,5000403,46501230100000.0,500040300353,146.0,PK-06,2.0,118,October Count Day,13621,337,13958,1607278,39766,1647044,,SU042,HARWOOD UNIFIED UNION SD,1,0,1,0,0,0,1
VT,2018-2019,U060,PS320,Harwood Unified School District,WARREN ELEMENTARY SCHOOL,5000403.0,5000403,46501230100000.0,500040300360,155.0,PK-06,2.0,126,October Count Day,14897,369,15266,1877022,46494,1923516,,SU042,HARWOOD UNIFIED UNION SD,1,0,1,0,0,0,1
VT,2018-2019,U026,PS139,Hazen UHSD #26,HAZEN UHS #26,5008243.0,5008243,46500380100000.0,500824300343,283.0,07-12,4.0,283,October Count Day,13481,29,13510,3815123,8207,3823330,,SU035,ORLEANS SOUTHWEST SU,1,0,1,0,0,1,1
VT,2018-2019,T097,PS144,Holland School District,HOLLAND ELEMENTARY SCHOOL,5004710.0,5004710,46501001100000.0,500471000159,,,,30,October Count Day,13534,2601,16135,406020,78030,484050,21611.13636,SU031,NORTH COUNTRY SU,1,0,1,0,0,0,0
VT,2018-2019,J105,PS374,Jay/Westfield Joint Elementary School District,JAY/WESTFIELD JOINT SCHOOL,5004960.0,5004960,46501020200000.0,500496000015,85.0,PK-06,2.0,64,October Count Day,14491,0,14491,927424,0,927424,18733.07059,SU031,NORTH COUNTRY SU,1,0,1,0,0,0,0
VT,2018-2019,U064,PS051,Kingdom East Unified Union School District,BURKE TOWN SCHOOL,5000421.0,5000421,46500380300000.0,500042100424,232.0,PK-08,3.0,190,October Count Day,11649,1608,13257,2213310,305520,2518830,,SU067,KINGDOM EAST SUPERVISORY DISTRICT,1,0,1,0,0,0,1
VT,2018-2019,U064,PS074,Kingdom East Unified Union School District,CONCORD GRADED/MIDDLE SCHOOL,5000421.0,5000421,46500380300000.0,500042100427,117.0,PK-08,3.0,109,October Count Day,13553,1871,15424,1477277,203939,1681216,,SU067,KINGDOM EAST SUPERVISORY DISTRICT,1,0,1,0,0,0,1
VT,2018-2019,U064,PS168,Kingdom East Unified Union School District,LUNENBURG/GILMAN SCHOOLS,5000421.0,5000421,46500380300000.0,500042100435,144.0,PK-08,3.0,132,October Count Day,8841,1221,10062,1167012,161172,1328184,,SU067,KINGDOM EAST SUPERVISORY DISTRICT,1,0,1,0,0,0,1
VT,2018-2019,U064,PS170,Kingdom East Unified Union School District,LYNDON TOWN SCHOOL,5000421.0,5000421,46500380300000.0,500042100436,534.0,PK-08,3.0,467,October Count Day,10557,1458,12015,4930119,680886,5611005,,SU067,KINGDOM EAST SUPERVISORY DISTRICT,1,0,1,0,0,0,1
VT,2018-2019,U064,PS184,Kingdom East Unified Union School District,MILLERS RUN SCHOOL US #37,5000421.0,5000421,46500380300000.0,500042100336,121.0,PK-08,3.0,104,October Count Day,11747,1622,13369,1221688,168688,1390376,,SU067,KINGDOM EAST SUPERVISORY DISTRICT,1,0,1,0,0,0,1
VT,2018-2019,U064,PS201,Kingdom East Unified Union School District,NEWARK SCHOOL,5000421.0,5000421,46500380300000.0,500042100212,59.0,PK-08,3.0,56,October Count Day,13254,1830,15084,742224,102480,844704,,SU067,KINGDOM EAST SUPERVISORY DISTRICT,1,0,1,0,0,0,1
VT,2018-2019,U064,PS294,Kingdom East Unified Union School District,SUTTON VILLAGE SCHOOL,5000421.0,5000421,46500380300000.0,500042100322,93.0,PK-08,3.0,85,October Count Day,13695,1891,15586,1164075,160735,1324810,,SU067,KINGDOM EAST SUPERVISORY DISTRICT,1,0,1,0,0,0,1
VT,2018-2019,U024,PS157,Lake Region UHSD #24,LAKE REGION UHS #24,5005050.0,5005050,46501080100000.0,500505000170,364.0,09-12,4.0,364,October Count Day,12029,311,12340,4378556,113204,4491760,,SU034,ORLEANS CENTRAL SU,1,0,1,0,0,1,1
VT,2018-2019,U093,PS007,Lake Region Union Elementary Middle School District,ALBANY COMMUNITY SCHOOL,5001740.0,5000436,46501000300000.0,500043600420,,PK-08,3.0,81,October Count Day,11100,754,11854,899100,61074,960174,14631.11579,SU034,ORLEANS CENTRAL SU,1,0,1,0,0,0,0
VT,2018-2019,U093,PS022,Lake Region Union Elementary Middle School District,BARTON GRADED SCHOOL,5002070.0,5000436,46501000100000.0,500043600025,,PK-08,3.0,162,October Count Day,8562,127,8689,1387044,20574,1407618,11238.90426,SU034,ORLEANS CENTRAL SU,1,0,1,0,0,0,0
VT,2018-2019,U093,PS049,Lake Region Union Elementary Middle School District,BROWNINGTON CENTRAL SCHOOL,5002730.0,5000436,46501000400000.0,500043600059,,PK-08,3.0,104,October Count Day,9370,1043,10413,974480,108472,1082952,12878.93103,SU034,ORLEANS CENTRAL SU,1,0,1,0,0,0,0
VT,2018-2019,U093,PS118,Lake Region Union Elementary Middle School District,GLOVER COMMUNITY SCHOOL,5004170.0,5000436,46501000900000.0,500043600137,,PK-08,3.0,111,October Count Day,10705,146,10851,1188255,16206,1204461,12739.75207,SU034,ORLEANS CENTRAL SU,1,0,1,0,0,0,0
VT,2018-2019,U093,PS147,Lake Region Union Elementary Middle School District,IRASBURG VILLAGE SCHOOL,5004860.0,5000436,46501001200000.0,500043600163,,PK-08,3.0,123,October Count Day,9692,131,9823,1192116,16113,1208229,11964.22143,SU034,ORLEANS CENTRAL SU,1,0,1,0,0,0,0
VT,2018-2019,U093,PS217,Lake Region Union Elementary Middle School District,ORLEANS ELEMENTARY SCHOOL,5006240.0,5000436,46501000200000.0,500043600232,,PK-08,3.0,112,October Count Day,9115,652,9767,1020880,73024,1093904,12103.768,SU034,ORLEANS CENTRAL SU,1,0,1,0,0,0,0
VT,2018-2019,U058A,PS093,Lamoille North Modified USD #058A,EDEN CENTRAL SCHOOL,5000401.0,5000401,46500870400000.0,500040100111,150.0,PK-06,2.0,124,October Count Day,12285,1045,13330,1523340,129580,1652920,,SU025,LAMOILLE NORTH SU,1,0,1,0,0,0,1
VT,2018-2019,U058A,PS145,Lamoille North Modified USD #058A,HYDE PARK ELEMENTARY SCHOOL,5000401.0,5000401,46500870400000.0,500040100161,237.0,PK-06,2.0,196,October Count Day,11429,972,12401,2240084,190512,2430596,,SU025,LAMOILLE NORTH SU,1,0,1,0,0,0,1
VT,2018-2019,U058A,PS153,Lamoille North Modified USD #058A,JOHNSON ELEMENTARY SCHOOL,5000401.0,5000401,46500870400000.0,500040100168,264.0,PK-06,2.0,219,October Count Day,11049,940,11989,2419731,205860,2625591,,SU025,LAMOILLE NORTH SU,1,0,1,0,0,0,1
VT,2018-2019,U058A,PS325,Lamoille North Modified USD #058A,WATERVILLE ELEMENTARY SCHOOL,5000401.0,5000401,46500870400000.0,500040100364,92.0,PK-06,2.0,77,October Count Day,10086,858,10944,776622,66066,842688,,SU025,LAMOILLE NORTH SU,1,0,1,0,0,0,1
VT,2018-2019,U058B,VC008,Lamoille North Modified USD #058B,Green Mountain Technology and Career Center,5000397.0,5000397,46500870200000.0,500039700106,0.0,09-12,4.0,NRD,October Count Day,NRD,NRD,NRD,NRD,NRD,NRD,,NRD,NRD,1,0,1,0,0,1,1
VT,2018-2019,U058B,PS158,Lamoille North Modified USD #058B,LAMOILLE UHS #18,5000397.0,5000397,46500870200000.0,500039700171,481.0,09-12,4.0,481,October Count Day,12261,125,12386,5897541,60125,5957666,,SU025,LAMOILLE NORTH SU,1,0,1,0,0,0,1
VT,2018-2019,U058B,PS404,Lamoille North Modified USD #058B,LAMOILLE UNION MIDDLE SCHOOL #18,5000397.0,5000397,46500870200000.0,500039700198,257.0,07-08,3.0,257,October Count Day,10717,109,10826,2754269,28013,2782282,,SU025,LAMOILLE NORTH SU,1,0,1,0,0,0,1
VT,2018-2019,U090,PS156,Lamoille South Unified Union School District #90,ELMORE SCHOOL,5003750.0,5000448,,500044800112,,01-03,2.0,13,October Count Day,9509,757,10266,123617,9841,133458,,SU026,LAMOILLE SOUTH SU,1,0,1,0,0,0,0
VT,2018-2019,U090,PS194,Lamoille South Unified Union School District #90,MORRISTOWN ELEM SCHOOLS,5005790.0,5000448,,500044800438,,PK-04,2.0,272,October Count Day,14645,1166,15811,3983440,317152,4300592,,SU026,LAMOILLE SOUTH SU,1,0,1,0,0,0,0
VT,2018-2019,U090,PS224,Lamoille South Unified Union School District #90,PEOPLES ACADEMY,5005790.0,5000448,,500044800207,,09-12,4.0,263,October Count Day,11825,941,12766,3109975,247483,3357458,,SU026,LAMOILLE SOUTH SU,1,0,1,0,0,0,0
VT,2018-2019,U090,PS394,Lamoille South Unified Union School District #90,PEOPLES ACADEMY MIDDLE SCHOOL,5005790.0,5000448,,500044800157,,05-08,3.0,258,October Count Day,8589,684,9273,2215962,176472,2392434,,SU026,LAMOILLE SOUTH SU,1,0,1,0,0,0,0
VT,2018-2019,U090,PS286,Lamoille South Unified Union School District #90,STOWE ELEMENTARY SCHOOL,5007800.0,5000448,46500800800000.0,500044800318,,PK-05,2.0,339,October Count Day,11562,82,11644,3919518,27798,3947316,13212.66038,SU026,LAMOILLE SOUTH SU,1,0,1,0,0,0,0
VT,2018-2019,U090,PS287,Lamoille South Unified Union School District #90,STOWE MIDDLE/HIGH SCHOOL,5007800.0,5000448,46500800800000.0,500044800319,,06-12,4.0,428,October Count Day,11861,84,11945,5076508,35952,5112460,13513.66038,SU026,LAMOILLE SOUTH SU,1,0,1,0,0,0,0
VT,2018-2019,T114,PS166,Lowell School District,LOWELL GRADED SCHOOL,5005220.0,5005220,46501001400000.0,500522000175,109.0,PK-08,3.0,93,October Count Day,9494,875,10369,882942,81375,964317,,SU031,NORTH COUNTRY SU,1,0,1,0,0,1,1
VT,2018-2019,U083,PS035,Ludlow Mt. Holly Unified Union School District,BLACK RIVER US #39,5000422.0,5000422,,500042200342,129.0,07-12,4.0,129,October Count Day,12714,0,12714,1640106,0,1640106,15917.0,SU063,TWO RIVERS SU,1,0,1,0,0,0,0
VT,2018-2019,U083,PS167,Ludlow Mt. Holly Unified Union School District,LUDLOW ELEMENTARY SCHOOL,5000422.0,5000422,,500042200176,109.0,PK-06,2.0,91,October Count Day,21251,0,21251,1933841,0,1933841,24454.0,SU063,TWO RIVERS SU,1,0,1,0,0,0,0
VT,2018-2019,U083,PS198,Ludlow Mt. Holly Unified Union School District,MT HOLLY SCHOOL,5000422.0,5000422,,500042200209,111.0,PK-06,2.0,90,October Count Day,11820,0,11820,1063800,0,1063800,15023.0,SU063,TWO RIVERS SU,1,0,1,0,0,0,0
VT,2018-2019,U057,PS406,Maple Run Unified School District,BELLOWS FREE ACADEMY (ST ALBANS),5000399.0,5000399,46500650200000.0,500039900205,837.0,09-12,4.0,837,October Count Day,11407,712,12119,9547659,595944,10143603,,SU023,MAPLE RUN SD,1,0,1,0,0,0,1
VT,2018-2019,U057,PS105,Maple Run Unified School District,FAIRFIELD CENTER SCHOOL,5000399.0,5000399,46500650200000.0,500039900432,260.0,PK-08,3.0,225,October Count Day,10083,629,10712,2268675,141525,2410200,,SU023,MAPLE RUN SD,1,0,1,0,0,0,1
VT,2018-2019,U057,VC003,Maple Run Unified School District,Northwest Technical Center,5000399.0,5000399,46500650200000.0,500039900215,0.0,09-12,4.0,NRD,October Count Day,NRD,NRD,NRD,NRD,NRD,NRD,,NRD,NRD,1,0,1,0,0,1,1
VT,2018-2019,U057,PS288,Maple Run Unified School District,ST ALBANS CITY SCHOOL,5000399.0,5000399,46500650200000.0,500039900304,831.0,PK-08,3.0,713,October Count Day,12603,787,13390,8985939,561131,9547070,,SU023,MAPLE RUN SD,1,0,1,0,0,0,1
VT,2018-2019,U057,PS289,Maple Run Unified School District,ST ALBANS TOWN EDUC CENTER,5000399.0,5000399,46500650200000.0,500039900306,813.0,PK-08,3.0,715,October Count Day,10639,664,11303,7606885,474760,8081645,,SU023,MAPLE RUN SD,1,0,1,0,0,0,1
VT,2018-2019,T120,PS177,Marlboro School District,MARLBORO ELEMENTARY SCHOOL,5005400.0,5005400,46501301100000.0,500540000186,97.0,PK-08,3.0,82,October Count Day,14044,0,14044,1151608,0,1151608,17708.27826,SU046,WINDHAM CENTRAL SU,1,0,1,0,0,0,0
VT,2018-2019,U084,PS392,Mettawee School District,METTAWEE COMMUNITY US #47,5000419.0,5000419,,500041900177,189.0,PK-06,2.0,159,October Count Day,12568,275,12843,1998312,43725,2042037,,SU006,BENNINGTON RUTLAND SU,1,0,1,0,0,1,1
VT,2018-2019,U052,PS071,Mill River Unified School District,CLARENDON ELEMENTARY SCHOOL,5000393.0,5000393,46501190400000.0,500039300086,169.0,PK-06,2.0,145,October Count Day,13786,593,14379,1998970,85985,2084955,,SU033,MILL RIVER UNIFIED UNION SUPERVISORY DISTRICT,1,0,1,0,0,0,1
VT,2018-2019,U052,PS183,Mill River Unified School District,MILL RIVER UHS,5000393.0,5000393,46501190400000.0,500039300344,429.0,07-12,4.0,429,October Count Day,10627,457,11084,4558983,196053,4755036,,SU033,MILL RIVER UNIFIED UNION SUPERVISORY DISTRICT,1,0,1,0,0,0,1
VT,2018-2019,U052,PS269,Mill River Unified School District,SHREWSBURY MOUNTAIN SCHOOL,5000393.0,5000393,46501190400000.0,500039300446,70.0,PK-06,2.0,61,October Count Day,16314,701,17015,995154,42761,1037915,,SU033,MILL RIVER UNIFIED UNION SUPERVISORY DISTRICT,1,0,1,0,0,0,1
VT,2018-2019,U052,PS300,Mill River Unified School District,TINMOUTH ELEMENTARY SCHOOL,5000393.0,5000393,46501190400000.0,500039300326,63.0,PK-06,2.0,48,October Count Day,18308,787,19095,878784,37776,916560,,SU033,MILL RIVER UNIFIED UNION SUPERVISORY DISTRICT,1,0,1,0,0,0,1
VT,2018-2019,U052,PS317,Mill River Unified School District,WALLINGFORD VILLAGE SCHOOL,5000393.0,5000393,46501190400000.0,500039300358,159.0,PK-06,2.0,132,October Count Day,11828,509,12337,1561296,67188,1628484,,SU033,MILL RIVER UNIFIED UNION SUPERVISORY DISTRICT,1,0,1,0,0,0,1
VT,2018-2019,T126,PS140,Milton Incorporated School District,MILTON ELEMENTARY SCHOOL,5005610.0,5005610,46500400200000.0,500561000437,833.0,PK-05,2.0,644,October Count Day,12069,574,12643,7772436,369656,8142092,,SU010,MILTON SD,1,0,1,0,0,0,1
VT,2018-2019,T126,PS186,Milton Incorporated School District,MILTON HIGH SCHOOL,5005610.0,5005610,46500400200000.0,500561000125,474.0,09-12,4.0,474,October Count Day,11174,532,11706,5296476,252168,5548644,,SU010,MILTON SD,1,0,1,0,0,0,1
VT,2018-2019,T126,PS185,Milton Incorporated School District,MILTON MIDDLE SCHOOL,5005610.0,5005610,46500400200000.0,500561000193,341.0,06-08,3.0,341,October Count Day,9915,472,10387,3381015,160952,3541967,,SU010,MILTON SD,1,0,1,0,0,0,1
VT,2018-2019,U089,PS115,Missisquoi Valley School District #89,FRANKLIN ELEMENTARY SCHOOL,5004110.0,5000433,46500600700000.0,500043300135,,PK-06,2.0,117,October Count Day,9730,0,9730,1138410,0,1138410,12567.43056,SU021,MISSISQUOI VALLEY SCHOOL DISTRICT,1,0,1,0,0,0,0
VT,2018-2019,U089,PS142,Missisquoi Valley School District #89,HIGHGATE ELEMENTARY SCHOOL,5004650.0,5000433,46500600900000.0,500043300434,,PK-06,2.0,276,October Count Day,13781,0,13781,3803556,0,3803556,16529.19481,SU021,MISSISQUOI VALLEY SCHOOL DISTRICT,1,0,1,0,0,0,0
VT,2018-2019,U089,PS187,Missisquoi Valley School District #89,MISSISQUOI VALLEY UHS #7,5005620.0,5000433,46500650100000.0,500043300195,,07-12,4.0,795,October Count Day,13481,0,13481,10717395,0,10717395,16349.48578,SU021,MISSISQUOI VALLEY SCHOOL DISTRICT,1,0,1,0,0,0,0
VT,2018-2019,U089,PS295,Missisquoi Valley School District #89,SWANTON SCHOOLS,5007980.0,5000433,46500601500000.0,500043300049,,PK-06,2.0,525,October Count Day,11901,0,11901,6248025,0,6248025,14201.87386,SU021,MISSISQUOI VALLEY SCHOOL DISTRICT,1,0,1,0,0,0,0
VT,2018-2019,U071,PS173,Montpelier Roxbury Unified Union School District,MAIN STREET MIDDLE SCHOOL,5000410.0,5000410,46501280600000.0,500041000200,366.0,05-08,3.0,366,October Count Day,10424,337,10761,3815184,123342,3938526,,SU069,MONTPELIER-ROXBURY SD,1,0,1,0,0,0,1
VT,2018-2019,U071,PS191,Montpelier Roxbury Unified Union School District,MONTPELIER HIGH SCHOOL,5000410.0,5000410,46501280600000.0,500041000199,315.0,09-12,4.0,315,October Count Day,14736,477,15213,4641840,150255,4792095,,SU069,MONTPELIER-ROXBURY SD,1,0,1,0,0,0,1
VT,2018-2019,U071,PS250,Montpelier Roxbury Unified Union School District,ROXBURY VILLAGE SCHOOL,5000410.0,5000410,46501280600000.0,500041000265,43.0,PK-04,2.0,31,October Count Day,27364,885,28249,848284,27435,875719,,SU069,MONTPELIER-ROXBURY SD,1,0,1,0,0,0,1
VT,2018-2019,U071,PS308,Montpelier Roxbury Unified Union School District,UNION ELEMENTARY SCHOOL,5000410.0,5000410,46501280600000.0,500041000201,534.0,PK-04,2.0,401,October Count Day,12230,395,12625,4904230,158395,5062625,,SU069,MONTPELIER-ROXBURY SD,1,0,1,0,0,0,1
VT,2018-2019,U014,PS196,Mount Anthony UHSD #14,MT ANTHONY SR UHS #14,5005810.0,5005810,46500280100000.0,500581000208,860.0,09-12,4.0,860,October Count Day,12030,0,12030,10345800,0,10345800,13133.19331,SU005,SOUTHWEST VERMONT SU,1,0,1,0,0,0,0
VT,2018-2019,U014,PS197,Mount Anthony UHSD #14,MT ANTHONY UNION MIDDLE SCHOOL,5005810.0,5005810,46500280100000.0,500581000463,595.0,06-08,3.0,595,October Count Day,10375,0,10375,6173125,0,6173125,11478.19331,SU005,SOUTHWEST VERMONT SU,1,0,1,0,0,0,0
VT,2018-2019,U086,PS008,Mount Ascutney School District #86,ALBERT BRIDGE SCH (W WIND),5008880.0,5000442,46501402400000.0,500044200371,,PK-06,2.0,61,October Count Day,17310,0,17310,1055910,0,1055910,22351.75676,SU052,WINDSOR SOUTHEAST SU,1,0,1,0,0,0,0
VT,2018-2019,U086,PS410,Mount Ascutney School District #86,WINDSOR SCHOOL,,5000442,,500044200539,,PK-12,4.0,541,October Count Day,11619,0,11619,6285879,0,6285879,,SU052,WINDSOR SOUTHEAST SU,1,0,1,0,0,0,0
VT,2018-2019,U401A,PS307,Mount Mansfield Modified USD #401A,UNDERHILL ID ELEMENTARY SCHOOL,5000387.0,5000387,46500470300000.0,500038700332,,,,89,October Count Day,11366,0,11366,1011574,0,1011574,,SU012,CHITTENDEN EAST SU,1,0,1,0,0,1,1
VT,2018-2019,U401,PS041,Mount Mansfield Unified Union School District #401,BREWSTER PIERCE ELEMENTARY SCHOOL,5004770.0,5000443,46500401000000.0,500044300160,,PK-04,2.0,107,October Count Day,10301,0,10301,1102207,0,1102207,12885.23571,SU012,MT MANSFIELD UNIFIED UNION SD,1,0,1,0,0,0,0
VT,2018-2019,U401,PS050,Mount Mansfield Unified Union School District #401,BROWNS RIVER MIDDLE SCHOOL,5005840.0,5000443,,500044300398,,05-08,3.0,412,October Count Day,10031,0,10031,4132772,0,4132772,,SU012,MT MANSFIELD UNIFIED UNION SD,1,0,1,0,0,0,0
VT,2018-2019,U401,PS058,Mount Mansfield Unified Union School District #401,CAMELS HUMP MIDDLE SCHOOL,5005840.0,5000443,,500044300399,,05-08,3.0,324,October Count Day,11650,0,11650,3774600,0,3774600,,SU012,MT MANSFIELD UNIFIED UNION SD,1,0,1,0,0,0,0
VT,2018-2019,U401,PS152,Mount Mansfield Unified Union School District #401,JERICHO ELEMENTARY SCHOOL,5004980.0,5000443,,500044300167,,PK-04,2.0,249,October Count Day,9808,0,9808,2442192,0,2442192,,SU012,MT MANSFIELD UNIFIED UNION SD,1,0,1,0,0,0,0
VT,2018-2019,U401,PS199,Mount Mansfield Unified Union School District #401,MT MANSFIELD USD,5005840.0,5000443,,500044300210,,09-12,4.0,782,October Count Day,10171,0,10171,7953722,0,7953722,,SU012,MT MANSFIELD UNIFIED UNION SD,1,0,1,0,0,0,0
VT,2018-2019,U401,PS243,Mount Mansfield Unified Union School District #401,RICHMOND ELEMENTARY SCHOOL,5006840.0,5000443,,500044300258,,PK-04,2.0,215,October Count Day,11722,0,11722,2520230,0,2520230,,SU012,MT MANSFIELD UNIFIED UNION SD,1,0,1,0,0,0,0
VT,2018-2019,U401,PS270,Mount Mansfield Unified Union School District #401,SMILIE MEMORIAL SCHOOL(BOLTON),5002310.0,5000443,,500044300038,,PK-04,2.0,78,October Count Day,10632,0,10632,829296,0,829296,,SU012,MT MANSFIELD UNIFIED UNION SD,1,0,1,0,0,0,0
VT,2018-2019,U401,PS306,Mount Mansfield Unified Union School District #401,UNDERHILL CENTRAL ELEMENTARY SCHOOL,5008220.0,5000443,,500044300333,,PK-04,2.0,95,October Count Day,12455,0,12455,1183225,0,1183225,,SU012,MT MANSFIELD UNIFIED UNION SD,1,0,1,0,0,0,0
VT,2018-2019,U061,PS023,Mt. Abraham Unified School District,BEEMAN ELEMENTARY SCHOOL,5000425.0,5000425,46500180400000.0,500042500211,93.0,PK-06,2.0,77,October Count Day,13578,602,14180,1045506,46354,1091860,,SU001,MT ABRAHAM UNIFIED SCHOOL DISTRICT,1,0,1,0,0,0,1
VT,2018-2019,U061,PS045,Mt. Abraham Unified School District,BRISTOL ELEMENTARY SCHOOL,5000425.0,5000425,46500180400000.0,500042500423,308.0,PK-06,2.0,250,October Count Day,11425,506,11931,2856250,126500,2982750,,SU001,MT ABRAHAM UNIFIED SCHOOL DISTRICT,1,0,1,0,0,0,1
VT,2018-2019,U061,PS162,Mt. Abraham Unified School District,LINCOLN COMMUNITY SCHOOL,5000425.0,5000425,46500180400000.0,500042500174,130.0,PK-06,2.0,116,October Count Day,13115,581,13696,1521340,67396,1588736,,SU001,MT ABRAHAM UNIFIED SCHOOL DISTRICT,1,0,1,0,0,0,1
VT,2018-2019,U061,PS189,Mt. Abraham Unified School District,MONKTON CENTRAL SCHOOL,5000425.0,5000425,46500180400000.0,500042500196,167.0,PK-06,2.0,147,October Count Day,10285,456,10741,1511895,67032,1578927,,SU001,MT ABRAHAM UNIFIED SCHOOL DISTRICT,1,0,1,0,0,0,1
VT,2018-2019,U061,PS195,Mt. Abraham Unified School District,MT ABRAHAM UHS #28,5000425.0,5000425,46500180400000.0,500042500338,627.0,07-12,4.0,627,October Count Day,14139,627,14766,8865153,393129,9258282,,SU001,MT ABRAHAM UNIFIED SCHOOL DISTRICT,1,0,1,0,0,0,1
VT,2018-2019,U061,PS246,Mt. Abraham Unified School District,ROBINSON SCHOOL,5000425.0,5000425,46500180400000.0,500042500317,154.0,PK-06,2.0,133,October Count Day,12905,572,13477,1716365,76076,1792441,,SU001,MT ABRAHAM UNIFIED SCHOOL DISTRICT,1,0,1,0,0,0,1
VT,2018-2019,T139,PS204,Newport City School District,NEWPORT CITY ELEM SCHOOLS,5006000.0,5006000,46501001600000.0,500600000439,367.0,PK-06,2.0,309,October Count Day,9475,1233,10708,2927775,380997,3308772,,SU031,NORTH COUNTRY SU,1,0,1,0,0,1,1
VT,2018-2019,T140,PS205,Newport Town School District,NEWPORT TOWN SCHOOL,5006030.0,5006030,46501001700000.0,500603000218,98.0,PK-06,2.0,80,October Count Day,16799,0,16799,1343920,0,1343920,,SU031,NORTH COUNTRY SU,1,0,1,0,0,1,1
VT,2018-2019,U022A,PS364,North Country Junior UHSD #22,NORTH COUNTRY UNION JR HIGH #22A,5009570.0,5009570,46501020300000.0,500957000470,253.0,07-08,3.0,253,October Count Day,12919,0,12919,3268507,0,3268507,,SU031,NORTH COUNTRY SU,1,0,1,0,0,1,1
VT,2018-2019,U022B,VC010,North Country Senior UHSD #22,North Country Career Center,5009600.0,5009600,46501050100000.0,500960000107,0.0,09-12,4.0,NRD,October Count Day,NRD,NRD,NRD,NRD,NRD,NRD,,NRD,NRD,1,0,1,0,0,1,1
VT,2018-2019,U022B,PS208,North Country Senior UHSD #22,NORTH COUNTRY UHS #22B,5009600.0,5009600,46501050100000.0,500960000220,680.0,09-12,4.0,680,October Count Day,10989,0,10989,7472520,0,7472520,,SU031,NORTH COUNTRY SU,1,0,1,0,0,0,1
VT,2018-2019,U085,PS015,Northern Mountain Valley Unified Union School District #85,BAKERSFIELD SCHOOL,5001890.0,5000441,46500600200000.0,500044100009,,PK-08,3.0,124,October Count Day,10901,0,10901,1351724,0,1351724,13869.50667,SU020,FRANKLIN NORTHEAST SU,1,0,1,0,0,0,0
VT,2018-2019,U085,PS032,Northern Mountain Valley Unified Union School District #85,BERKSHIRE ELEMENTARY SCHOOL,5002190.0,5000441,46500600300000.0,500044100034,,PK-08,3.0,181,October Count Day,10689,0,10689,1934709,0,1934709,13871.3381,SU020,FRANKLIN NORTHEAST SU,1,0,1,0,0,0,0
VT,2018-2019,U085,PS190,Northern Mountain Valley Unified Union School District #85,MONTGOMERY ELEMENTARY SCHOOL,5005670.0,5000441,46500601000000.0,500044100197,,PK-08,3.0,117,October Count Day,9672,0,9672,1131624,0,1131624,13397.51351,SU020,FRANKLIN NORTHEAST SU,1,0,1,0,0,0,0
VT,2018-2019,U085,PS266,Northern Mountain Valley Unified Union School District #85,SHELDON ELEMENTARY SCHOOL,5007350.0,5000441,46500601400000.0,500044100286,,PK-08,3.0,258,October Count Day,10015,399,10414,2583870,102942,2686812,13363.95946,SU020,FRANKLIN NORTHEAST SU,1,0,1,0,0,0,0
VT,2018-2019,T145,PS176,Norwich School District,MARION W CROSS SCHOOL,5006180.0,5006180,46501401300000.0,500618000230,318.0,PK-06,2.0,278,October Count Day,12623,267,12890,3509194,74226,3583420,,SU055,SAU 70,1,0,1,0,0,1,1
VT,2018-2019,U059,PS038,Orange Southwest Unified School District,BRAINTREE SCHOOL,5000400.0,5000400,46500980200000.0,500040000422,103.0,PK-06,2.0,88,October Count Day,12682,0,12682,1116016,0,1116016,,SU028,ORANGE SOUTHWEST SU,1,0,1,0,0,0,1
VT,2018-2019,U059,PS047,Orange Southwest Unified School District,BROOKFIELD ELEMENTARY SCHOOL,5000400.0,5000400,46500980200000.0,500040000057,68.0,PK-06,2.0,67,October Count Day,10372,0,10372,694924,0,694924,,SU028,ORANGE SOUTHWEST SU,1,0,1,0,0,0,1
VT,2018-2019,U059,PS359,Orange Southwest Unified School District,RANDOLPH ELEMENTARY SCHOOL,5000400.0,5000400,46500980200000.0,500040000443,346.0,PK-06,2.0,297,October Count Day,12780,0,12780,3795660,0,3795660,,SU028,ORANGE SOUTHWEST SU,1,0,1,0,0,0,1
VT,2018-2019,U059,VC012,Orange Southwest Unified School District,Randolph Technical Career Center,5000400.0,5000400,46500980200000.0,500040000098,0.0,09-12,4.0,NRD,October Count Day,NRD,NRD,NRD,NRD,NRD,NRD,,NRD,NRD,1,0,1,0,0,1,1
VT,2018-2019,U059,PS237,Orange Southwest Unified School District,RANDOLPH UHS #2,5000400.0,5000400,46500980200000.0,500040000042,393.0,07-12,4.0,393,October Count Day,13699,0,13699,5383707,0,5383707,,SU028,ORANGE SOUTHWEST SU,1,0,1,0,0,0,1
VT,2018-2019,U094,PS131,Orleans Southwest Union Elementary School District #94,HARDWICK ELEMENTARY SCHOOL,5004560.0,5000438,46500300500000.0,500043800147,,PK-06,2.0,201,October Count Day,10908,0,10908,2192508,0,2192508,13395.6214,SU035,ORLEANS SOUTHWEST SU,1,0,1,0,0,0,0
VT,2018-2019,U094,PS126,Orleans Southwest Union Elementary School District #94,LAKEVIEW US #43,5000003.0,5000438,46501001000000.0,500043800461,,PK-06,2.0,55,October Count Day,14411,0,14411,792605,0,792605,17073.61194,SU035,ORLEANS SOUTHWEST SU,1,0,1,0,0,0,0
VT,2018-2019,U094,PS353,Orleans Southwest Union Elementary School District #94,WOODBURY ELEMENTARY SCHOOL,5009420.0,5000438,46501201900000.0,500043800392,,PK-06,2.0,46,October Count Day,12762,0,12762,587052,0,587052,14350.35714,SU035,ORLEANS SOUTHWEST SU,1,0,1,0,0,0,0
VT,2018-2019,U053,PS165,Otter Valley Unified Union School District #53,LOTHROP SCHOOL,5000392.0,5000392,46501190500000.0,500039200239,204.0,PK-06,2.0,174,October Count Day,12511,0,12511,2176914,0,2176914,,SU036,RUTLAND NORTHEAST SU,1,0,1,0,0,0,1
VT,2018-2019,U053,PS200,Otter Valley Unified Union School District #53,NESHOBE SCHOOL,5000392.0,5000392,46501190500000.0,500039200411,415.0,PK-06,2.0,332,October Count Day,10856,0,10856,3604192,0,3604192,,SU036,RUTLAND NORTHEAST SU,1,0,1,0,0,0,1
VT,2018-2019,U053,PS418,Otter Valley Unified Union School District #53,OTTER CREEK ACAD AT LEI SUD AND WHITING,5000392.0,5000392,46501190500000.0,500039200544,110.0,PK-06,2.0,90,October Count Day,,0,,,0,,,SU036,RUTLAND NORTHEAST SU,1,0,1,0,0,1,1
VT,2018-2019,U053,PS219,Otter Valley Unified Union School District #53,OTTER VALLEY UHS #8,5000392.0,5000392,46501190500000.0,500039200234,552.0,07-12,4.0,552,October Count Day,10376,0,10376,5727552,0,5727552,,SU036,RUTLAND NORTHEAST SU,1,0,1,0,0,0,1
VT,2018-2019,U091,PS037,Oxbow Unified Union School District #91,BRADFORD ELEMENTARY SCHOOL,5002340.0,5000437,46500950100000.0,500043700039,,PK-06,2.0,235,October Count Day,9186,629,9815,2158710,147815,2306525,14551.84669,SU027,ORANGE EAST SU,1,0,1,0,0,0,0
VT,2018-2019,U091,PS202,Oxbow Unified Union School District #91,NEWBURY ELEMENTARY SCHOOL,5005940.0,5000437,46500900700000.0,500043700213,,PK-06,2.0,128,October Count Day,8823,1393,10216,1129344,178304,1307648,16947.61111,SU027,ORANGE EAST SU,1,0,1,0,0,0,0
VT,2018-2019,U091,PS220,Oxbow Unified Union School District #91,OXBOW UHS #30,5008247.0,5000437,46500980100000.0,500043709272,,07-12,4.0,294,October Count Day,14033,82,14115,4125702,24108,4149810,24378.26599,SU027,ORANGE EAST SU,1,0,1,0,0,0,0
VT,2018-2019,U091,VC011,Oxbow Unified Union School District #91,River Bend Career & Technical Center,,5000437,,500043700118,,09-12,4.0,NRD,October Count Day,NRD,NRD,NRD,NRD,NRD,NRD,,NRD,NRD,1,0,1,0,0,1,0
VT,2018-2019,U068,PS210,Paine Mountain School District,NORTHFIELD ELEMENTARY SCHOOL,5000408.0,5000408,46500980400000.0,500040800440,307.0,PK-05,2.0,253,October Count Day,9314,0,9314,2356442,0,2356442,10651.82443,SU068,CENTRAL VERMONT SU,1,0,1,0,0,0,0
VT,2018-2019,U068,PS211,Paine Mountain School District,NORTHFIELD MIDDLE/HIGH SCHOOL,5000408.0,5000408,46500980400000.0,500040800227,285.0,06-12,4.0,285,October Count Day,12473,0,12473,3554805,0,3554805,13810.82443,SU068,CENTRAL VERMONT SU,1,0,1,0,0,0,0
VT,2018-2019,U068,PS343,Paine Mountain School District,WILLIAMSTOWN ELEM SCHOOL,5000408.0,5000408,46500980400000.0,500040800379,234.0,PK-05,2.0,197,October Count Day,10221,0,10221,2013537,0,2013537,11558.82443,SU068,CENTRAL VERMONT SU,1,0,1,0,0,0,0
VT,2018-2019,U068,PS344,Paine Mountain School District,WILLIAMSTOWN MIDDLE/HIGH SCHOOL,5000408.0,5000408,46500980400000.0,500040800380,267.0,06-12,4.0,267,October Count Day,9760,0,9760,2605920,0,2605920,11097.82443,SU068,CENTRAL VERMONT SU,1,0,1,0,0,0,0
VT,2018-2019,TE001,VC001,Patricia Hannaford Career Center School District,Patricia A. Hannaford Career Center,5000021.0,5000021,46500110100000.0,500002100099,0.0,09-12,4.0,NRD,October Count Day,NRD,NRD,NRD,NRD,NRD,NRD,,NRD,NRD,1,0,1,0,0,1,1
VT,2018-2019,T151,PS223,Peacham School District,PEACHAM ELEMENTARY SCHOOL,5006390.0,5006390,46500300900000.0,500639000237,66.0,PK-06,2.0,54,October Count Day,14684,0,14684,792936,0,792936,,SU009,CALEDONIA CENTRAL SU,1,0,1,0,0,1,1
VT,2018-2019,U070,PS229,Quarry Valley Unified Union School District #70,POULTNEY ELEMENTARY SCHOOL,5000411.0,5000411,,500041100244,256.0,PK-06,2.0,195,October Count Day,10832,150,10982,2112240,29250,2141490,11306.15014,SU066,GREATER RUTLAND COUNTY SU,1,0,1,0,0,0,0
VT,2018-2019,U070,PS230,Quarry Valley Unified Union School District #70,POULTNEY HIGH SCHOOL,5000411.0,5000411,,500041100245,195.0,07-12,4.0,195,October Count Day,12178,169,12347,2374710,32955,2407665,12671.15014,SU066,GREATER RUTLAND COUNTY SU,1,0,1,0,0,0,0
VT,2018-2019,U070,PS232,Quarry Valley Unified Union School District #70,PROCTOR ELEMENTARY SCHOOL,5000411.0,5000411,,500041100247,164.0,PK-06,2.0,133,October Count Day,13465,187,13652,1790845,24871,1815716,13976.15014,SU066,GREATER RUTLAND COUNTY SU,1,0,1,0,0,0,0
VT,2018-2019,U070,PS233,Quarry Valley Unified Union School District #70,PROCTOR JR/SR HIGH SCHOOL,5000411.0,5000411,,500041100248,111.0,07-12,4.0,111,October Count Day,14437,200,14637,1602507,22200,1624707,14961.15014,SU066,GREATER RUTLAND COUNTY SU,1,0,1,0,0,0,0
VT,2018-2019,U070,PS331,Quarry Valley Unified Union School District #70,WEST RUTLAND SCHOOL,5000411.0,5000411,,500041100370,345.0,PK-12,4.0,312,October Count Day,12622,175,12797,3938064,54600,3992664,13121.15014,SU066,GREATER RUTLAND COUNTY SU,1,0,1,0,0,0,0
VT,2018-2019,U146,PI004,Rivendell Interstate School District,RIVENDELL ACADEMY,5000024.0,5000024,46500930000000.0,500002400180,201.0,07-12,4.0,201,October Count Day,13288,174,13462,2670888,34974,2705862,,SU064,RIVENDELL INTERSTATE SD,1,0,1,0,0,0,1
VT,2018-2019,U146,PS106,Rivendell Interstate School District,SAMUEL MOREY ELEMENTARY SCHOOL,5000024.0,5000024,46500930000000.0,500002400131,168.0,PK-06,2.0,150,October Count Day,12420,162,12582,1863000,24300,1887300,,SU064,RIVENDELL INTERSTATE SD,1,0,1,0,0,0,1
VT,2018-2019,U146,PS399,Rivendell Interstate School District,WESTSHIRE SCHOOL,5000024.0,5000024,46500930000000.0,500002400250,105.0,PK-04,2.0,84,October Count Day,19102,250,19352,1604568,21000,1625568,,SU064,RIVENDELL INTERSTATE SD,1,0,1,0,0,0,1
VT,2018-2019,TE003,VC016,River Valley Technical Center,River Valley Technical Center,5000371.0,5000371,46501410500000.0,500037100097,0.0,09-12,4.0,NRD,October Count Day,NRD,NRD,NRD,NRD,NRD,NRD,,NRD,NRD,1,0,1,0,0,1,1
VT,2018-2019,U073,PS086,River Valleys Unified School District #73,DOVER ELEMENTARY SCHOOL,5003540.0,5000447,46501300400000.0,500044700105,,PK-06,2.0,85,October Count Day,16410,302,16712,1394850,25670,1420520,21478.77966,SU046,WINDHAM CENTRAL SU,1,0,1,0,0,0,0
VT,2018-2019,U073,PS319,River Valleys Unified School District #73,WARDSBORO CENTRAL SCHOOL,5008520.0,5000447,46501301800000.0,500044700359,,PK-06,2.0,42,October Count Day,13647,859,14506,573174,36078,609252,16353.94595,SU046,WINDHAM CENTRAL SU,1,0,1,0,0,0,0
VT,2018-2019,U081,PS247,Rochester Stockbridge Unified School District,ROCHESTER SCHOOL,5000423.0,5000423,46501490500000.0,500042300549,93.0,PK-06,2.0,78,October Count Day,14493,0,14493,1130454,0,1130454,18041.26582,SU030,WHITE RIVER VALLEY SU,1,0,1,0,0,0,0
VT,2018-2019,U081,PS285,Rochester Stockbridge Unified School District,STOCKBRIDGE CENTRAL SCHOOL,5000423.0,5000423,46501490500000.0,500042300408,50.0,PK-06,2.0,40,October Count Day,21848,0,21848,873920,0,873920,25396.26582,SU030,WHITE RIVER VALLEY SU,1,0,1,0,0,0,0
VT,2018-2019,T169,PS024,Rockingham School District,BELLOWS FALLS MIDDLE SCHOOL,5006930.0,5006930,46501301400000.0,500693000262,243.0,05-08,3.0,243,October Count Day,0,0,0,0,0,0,,SU047,WINDHAM NORTHEAST SU,1,0,1,0,0,1,1
VT,2018-2019,T169,PS249,Rockingham School District,CENTRAL ELEMENTARY SCHOOL,5006930.0,5006930,46501301400000.0,500693000263,231.0,PK-04,2.0,148,October Count Day,0,0,0,0,0,0,,SU047,WINDHAM NORTHEAST SU,1,0,1,0,0,1,1
VT,2018-2019,T169,PS260,Rockingham School District,SAXTONS RIVER ELEM SCHOOL,5006930.0,5006930,46501301400000.0,500693000264,91.0,PK-04,2.0,91,October Count Day,0,0,0,0,0,0,,SU047,WINDHAM NORTHEAST SU,1,0,1,0,0,1,1
VT,2018-2019,T173,PS255,Rutland City School District,NORTHEAST PRIMARY SCHOOL,5007050.0,5007050,46501101900000.0,500705000274,271.0,PK-02,2.0,199,October Count Day,14450,1240,15690,2875550,246760,3122310,,SU040,RUTLAND CITY SU,1,0,1,0,0,0,1
VT,2018-2019,T173,PS256,Rutland City School District,NORTHWEST PRIMARY SCHOOL,5007050.0,5007050,46501101900000.0,500705000275,264.0,PK-02,2.0,180,October Count Day,16385,1406,17791,2949300,253080,3202380,,SU040,RUTLAND CITY SU,1,0,1,0,0,0,1
VT,2018-2019,T173,PS253,Rutland City School District,RUTLAND HIGH SCHOOL,5007050.0,5007050,46501101900000.0,500705000271,814.0,09-12,4.0,814,October Count Day,10865,933,11798,8844110,759462,9603572,,SU040,RUTLAND CITY SU,1,0,1,0,0,0,1
VT,2018-2019,T173,PS382,Rutland City School District,RUTLAND INTERMEDIATE SCHOOL,5007050.0,5007050,46501101900000.0,500705000075,508.0,03-06,2.0,508,October Count Day,13182,1131,14313,6696456,574548,7271004,,SU040,RUTLAND CITY SU,1,0,1,0,0,0,1
VT,2018-2019,T173,PS365,Rutland City School District,RUTLAND MIDDLE SCHOOL,5007050.0,5007050,46501101900000.0,500705000468,273.0,07-08,3.0,273,October Count Day,11760,1009,12769,3210480,275457,3485937,,SU040,RUTLAND CITY SU,1,0,1,0,0,0,1
VT,2018-2019,T173,VC013,Rutland City School District,Stafford Technical Center,5007050.0,5007050,46501101900000.0,500705000094,0.0,09-12,4.0,NRD,October Count Day,NRD,NRD,NRD,NRD,NRD,NRD,,NRD,NRD,1,0,1,0,0,1,1
VT,2018-2019,T174,PS258,Rutland Town School District,RUTLAND TOWN ELEM SCHOOL,5007080.0,5007080,46501102000000.0,500708000279,355.0,PK-08,3.0,321,October Count Day,11948,0,11948,3835308,0,3835308,13176.8973,SU066,GREATER RUTLAND COUNTY SU,1,0,1,0,0,0,0
VT,2018-2019,T179,PS400,Saint Johnsbury School District,ST JOHNSBURY SCHOOLS,5007650.0,5007650,46500301100000.0,500765000181,675.0,PK-08,3.0,581,October Count Day,12043,0,12043,6996983,0,6996983,18690.67944,SU011,ST JOHNSBURY SD,1,0,1,0,0,0,0
VT,2018-2019,T184,PS263,Sharon School District,SHARON ELEMENTARY SCHOOL,5007260.0,5007260,46501401900000.0,500726000283,162.0,PK-06,2.0,130,October Count Day,12229,0,12229,1589770,0,1589770,16423.20792,SU030,WHITE RIVER VALLEY SU,1,0,1,0,0,0,0
VT,2018-2019,U062,PS031,Slate Valley Unified Union School District #62,BENSON VILLAGE SCHOOL,5002160.0,5000440,,500044000033,,PK-08,3.0,55,October Count Day,16910,0,16910,930050,0,930050,,SU004,SLATE VALLEY UNIFIED UNION SCHOOL DISTRICT,1,0,1,0,0,0,0
VT,2018-2019,U062,PS413,Slate Valley Unified Union School District #62,CASTLETON ELEMENTARY SCHOOL,,5000440,,500044000542,,PK-05,2.0,214,October Count Day,11277,0,11277,2413278,0,2413278,,SU004,SLATE VALLEY UNIFIED UNION SCHOOL DISTRICT,1,0,1,0,0,0,0
VT,2018-2019,U062,PS414,Slate Valley Unified Union School District #62,CASTLETON VILLAGE SCHOOL,,5000440,,500044000546,,06-08,3.0,101,October Count Day,15296,0,15296,1544896,0,1544896,,SU004,SLATE VALLEY UNIFIED UNION SCHOOL DISTRICT,1,0,1,0,0,0,0
VT,2018-2019,U062,PS103,Slate Valley Unified Union School District #62,FAIR HAVEN GRADE SCHOOL,5003870.0,5000440,,500044000126,,PK-08,3.0,311,October Count Day,11112,0,11112,3455832,0,3455832,,SU004,SLATE VALLEY UNIFIED UNION SCHOOL DISTRICT,1,0,1,0,0,0,0
VT,2018-2019,U062,PS104,Slate Valley Unified Union School District #62,FAIR HAVEN UHS #16,5003900.0,5000440,,500044000127,,09-12,4.0,362,October Count Day,11990,0,11990,4340380,0,4340380,,SU004,SLATE VALLEY UNIFIED UNION SCHOOL DISTRICT,1,0,1,0,0,0,0
VT,2018-2019,U062,PS218,Slate Valley Unified Union School District #62,ORWELL VILLAGE SCHOOL,5006270.0,5000440,46500101400000.0,500044000233,,PK-08,3.0,134,October Count Day,10582,0,10582,1417988,0,1417988,13006.91503,SU004,SLATE VALLEY UNIFIED UNION SCHOOL DISTRICT,1,0,1,0,0,0,0
VT,2018-2019,T191,PS064,South Burlington School District,CHAMBERLIN SCHOOL,5007470.0,5007470,46500401500000.0,500747000291,329.0,PK-05,2.0,247,October Count Day,15542,287,15829,3838874,70889,3909763,,SU016,SOUTH BURLINGTON SD,1,0,1,0,0,0,1
VT,2018-2019,T191,PS273,South Burlington School District,FREDERICK H TUTTLE MIDDLE SCHOOL,5007470.0,5007470,46500401500000.0,500747000295,569.0,06-08,3.0,569,October Count Day,12067,223,12290,6866123,126887,6993010,,SU016,SOUTH BURLINGTON SD,1,0,1,0,0,0,1
VT,2018-2019,T191,PS216,South Burlington School District,ORCHARD SCHOOL,5007470.0,5007470,46500401500000.0,500747000292,483.0,PK-05,2.0,370,October Count Day,13370,247,13617,4946900,91390,5038290,,SU016,SOUTH BURLINGTON SD,1,0,1,0,0,0,1
VT,2018-2019,T191,PS271,South Burlington School District,RICK MARCOTTE CENTRAL SCHOOL,5007470.0,5007470,46500401500000.0,500747000293,428.0,PK-05,2.0,336,October Count Day,14004,259,14263,4705344,87024,4792368,,SU016,SOUTH BURLINGTON SD,1,0,1,0,0,0,1
VT,2018-2019,T191,PS272,South Burlington School District,SO BURLINGTON HIGH SCHOOL,5007470.0,5007470,46500401500000.0,500747000294,913.0,09-12,4.0,913,October Count Day,12231,226,12457,11166903,206338,11373241,,SU016,SOUTH BURLINGTON SD,1,0,1,0,0,0,1
VT,2018-2019,T192,PS112,South Hero School District,FOLSOM ED AND COMMUNITY CTR,5007500.0,5007500,46500700500000.0,500750000296,129.0,PK-08,3.0,129,October Count Day,12350,0,12350,1593150,0,1593150,,SU024,GRAND ISLE SU,1,0,1,0,0,1,1
VT,2018-2019,U074,PS129,Southern Valley Unified School District,HALIFAX SCHOOL,5000420.0,5000420,46501390500000.0,500042000145,68.0,PK-08,3.0,66,October Count Day,9123,38,9161,602118,2508,604626,,SU049,WINDHAM SOUTHWEST SU,1,0,1,0,0,0,1
VT,2018-2019,U074,PS240,Southern Valley Unified School District,READSBORO ELEMENTARY SCHOOL,5000420.0,5000420,46501390500000.0,500042000254,45.0,PK-08,3.0,38,October Count Day,18907,79,18986,718466,3002,721468,,SU049,WINDHAM SOUTHWEST SU,1,0,1,0,0,0,1
VT,2018-2019,TE002,VC009,Southwest Vermont Career Development Center,Southwest Vermont Career Development Center,5000022.0,5000022,46500210200000.0,500002200103,0.0,09-12,4.0,NRD,October Count Day,NRD,NRD,NRD,NRD,NRD,NRD,,NRD,NRD,1,0,1,0,0,1,1
VT,2018-2019,U087,PS029,Southwest Vermont Union Elementary School District #87,BENNINGTON ELEMENTARY SCHOOL,5002130.0,5000434,46500200100000.0,500043400028,,PK-05,2.0,256,October Count Day,9950,23,9973,2547200,5888,2553088,10680.81013,SU005,SOUTHWEST VERMONT SU,1,0,1,0,0,0,0
VT,2018-2019,U087,PS188,Southwest Vermont Union Elementary School District #87,MOLLY STARK SCHOOL,5002130.0,5000434,46500200100000.0,500043400031,,PK-05,2.0,376,October Count Day,8211,19,8230,3087336,7144,3094480,8937.810127,SU005,SOUTHWEST VERMONT SU,1,0,1,0,0,0,0
VT,2018-2019,U087,PS192,Southwest Vermont Union Elementary School District #87,MONUMENT ELEMENTARY SCHOOL,5002130.0,5000434,46500200100000.0,500043400032,,PK-05,2.0,139,October Count Day,11323,26,11349,1573897,3614,1577511,12056.81013,SU005,SOUTHWEST VERMONT SU,1,0,1,0,0,0,0
VT,2018-2019,U087,PS231,Southwest Vermont Union Elementary School District #87,POWNAL ELEMENTARY SCHOOL,5006630.0,5000434,46500200900000.0,500043400246,,PK-06,2.0,216,October Count Day,10875,11,10886,2349000,2376,2351376,11861.57088,SU005,SOUTHWEST VERMONT SU,1,0,1,0,0,0,0
VT,2018-2019,U087,PS262,Southwest Vermont Union Elementary School District #87,SHAFTSBURY ELEM SCHOOL,5007230.0,5000434,46500201400000.0,500043400282,,PK-06,2.0,219,October Count Day,9912,3,9915,2170728,657,2171385,10776.23529,SU005,SOUTHWEST VERMONT SU,1,0,1,0,0,0,0
VT,2018-2019,U087,PS354,Southwest Vermont Union Elementary School District #87,WOODFORD HOLLOW SCHOOL,5009450.0,5000434,46500201800000.0,500043400393,,PK-06,2.0,20,October Count Day,11629,6876,18505,232580,137520,370100,20761.52174,SU005,SOUTHWEST VERMONT SU,1,0,1,0,0,1,0
VT,2018-2019,T193,PS277,Springfield School District,ELM HILL SCHOOL,5007530.0,5007530,46501402000000.0,500753000299,360.0,PK-02,2.0,243,October Count Day,14968,1612,16580,3637224,391716,4028940,,SU056,SPRINGFIELD SD,1,0,1,0,0,0,1
VT,2018-2019,T193,PS245,Springfield School District,RIVERSIDE MIDDLE SCHOOL,5007530.0,5007530,46501402000000.0,500753000298,257.0,06-08,3.0,257,October Count Day,15026,1618,16644,3861682,415826,4277508,,SU056,SPRINGFIELD SD,1,0,1,0,0,0,1
VT,2018-2019,T193,PS278,Springfield School District,SPRINGFIELD HIGH SCHOOL,5007530.0,5007530,46501402000000.0,500753000300,362.0,09-12,4.0,362,October Count Day,14425,1554,15979,5221850,562548,5784398,,SU056,SPRINGFIELD SD,1,0,1,0,0,0,1
VT,2018-2019,T193,PS280,Springfield School District,UNION STREET SCHOOL,5007530.0,5007530,46501402000000.0,500753000303,234.0,03-05,2.0,234,October Count Day,13672,1472,15144,3199248,344448,3543696,,SU056,SPRINGFIELD SD,1,0,1,0,0,0,1
VT,2018-2019,T194,PS284,Stamford School District,STAMFORD ELEMENTARY SCHOOL,5007680.0,5007680,46500201500000.0,500768000316,96.0,PK-08,3.0,78,October Count Day,9728,0,9728,758784,0,758784,,SU049,WINDHAM SOUTHWEST SU,1,0,1,0,0,1,1
VT,2018-2019,T199,PS206,Strafford School District,NEWTON SCHOOL,5007830.0,5007830,46500901000000.0,500783000320,105.0,PK-08,3.0,93,October Count Day,15823,0,15823,1471539,0,1471539,20101.32824,SU030,WHITE RIVER VALLEY SU,1,0,1,0,0,0,0
VT,2018-2019,U063,PS079,Taconic and Green Regional School District,CURRIER MEMORIAL US #23,5000417.0,5000417,46500280200000.0,500041700341,90.0,PK-05,2.0,73,October Count Day,17718,560,18278,1293414,40880,1334294,,SU006,BENNINGTON RUTLAND SU,1,0,1,0,0,0,1
VT,2018-2019,U063,PS085,Taconic and Green Regional School District,DORSET SCHOOL,5000417.0,5000417,46500280200000.0,500041700104,175.0,PK-08,3.0,151,October Count Day,12768,404,13172,1927968,61004,1988972,,SU006,BENNINGTON RUTLAND SU,1,0,1,0,0,0,1
VT,2018-2019,U063,PS111,Taconic and Green Regional School District,FLOOD BROOK US #20,5000417.0,5000417,46500280200000.0,500041700337,325.0,PK-08,3.0,274,October Count Day,11499,364,11863,3150726,99736,3250462,,SU006,BENNINGTON RUTLAND SU,1,0,1,0,0,0,1
VT,2018-2019,U063,PS175,Taconic and Green Regional School District,MANCHESTER ELEM/MIDDLE SCHOOL,5000417.0,5000417,46500280200000.0,500041700185,420.0,PK-08,3.0,357,October Count Day,11754,372,12126,4196178,132804,4328982,,SU006,BENNINGTON RUTLAND SU,1,0,1,0,0,0,1
VT,2018-2019,U063,PS293,Taconic and Green Regional School District,SUNDERLAND ELEM SCHOOL,5000417.0,5000417,46500280200000.0,500041700321,94.0,PK-06,2.0,81,October Count Day,12550,397,12947,1016550,32157,1048707,,SU006,BENNINGTON RUTLAND SU,1,0,1,0,0,0,1
VT,2018-2019,T205,PS298,Thetford School District,THETFORD ELEMENTARY SCHOOL,5008010.0,5008010,46500901100000.0,500801000325,249.0,PK-06,2.0,209,October Count Day,11971,283,12254,2501939,59147,2561086,,SU027,ORANGE EAST SU,1,0,1,0,0,1,1
VT,2018-2019,T209,PS302,Troy School District,TROY ELEMENTARY SCHOOL,5008130.0,5008130,46501001800000.0,500813000328,177.0,PK-08,3.0,158,October Count Day,10092,1209,11301,1594536,191022,1785558,,SU031,NORTH COUNTRY SU,1,0,1,0,0,1,1
VT,2018-2019,U075,PS083,Twin Valley Unified School District,TWIN VALLEY ELEM SCHOOL,5000418.0,5000418,46501310200000.0,500041800382,222.0,PK-05,2.0,176,October Count Day,13990,2,13992,2462240,352,2462592,16806.76636,SU049,WINDHAM SOUTHWEST SU,1,0,1,0,0,0,0
VT,2018-2019,U075,PS411,Twin Valley Unified School District,TWIN VALLEY MIDDLE HIGH SCHOOL,5000418.0,5000418,46501310200000.0,500041800540,204.0,06-12,4.0,204,October Count Day,16069,3,16072,3278076,612,3278688,18886.76636,SU049,WINDHAM SOUTHWEST SU,1,0,1,0,0,0,0
VT,2018-2019,U033,PS304,Twinfield USD #33,TWINFIELD US #33,5008225.0,5008225,46501280100000.0,500822500335,340.0,PK-12,4.0,301,October Count Day,15377,0,15377,4628477,0,4628477,17136.54227,SU009,CALEDONIA CENTRAL SU,1,0,1,0,0,0,0
VT,2018-2019,T214,PS313,Vernon School District,VERNON ELEMENTARY SCHOOL,5008310.0,5008310,46501301700000.0,500831000351,194.0,PK-06,2.0,159,October Count Day,14680,110,14790,2334120,17490,2351610,16934.77833,SU048,WINDHAM SOUTHEAST SU,1,0,1,0,0,0,0
VT,2018-2019,U036,PS310,Waits River Valley USD #36,WAITS RIVER VALLEY US #36,5008242.0,5008242,46500960100000.0,500824200340,246.0,PK-08,3.0,217,October Count Day,10316,728,11044,2238572,157976,2396548,,SU027,ORANGE EAST SU,1,0,1,0,0,1,1
VT,2018-2019,U092,PS033,Washington Central Unified Union School District #92,BERLIN ELEMENTARY SCHOOL,5002220.0,5000439,46501200300000.0,500043900035,,PK-06,2.0,183,October Count Day,12013,0,12013,2198379,0,2198379,15474.20833,SU032,WASHINGTON CENTRAL SU,1,0,1,0,0,0,0
VT,2018-2019,U092,PS056,Washington Central Unified Union School District #92,CALAIS ELEMENTARY SCHOOL,5002880.0,5000439,46501200500000.0,500043900076,,PK-06,2.0,98,October Count Day,13556,0,13556,1328488,0,1328488,17256.096,SU032,WASHINGTON CENTRAL SU,1,0,1,0,0,0,0
VT,2018-2019,U092,PS357,Washington Central Unified Union School District #92,DOTY MEMORIAL SCHOOL,5009540.0,5000439,46501202000000.0,500043900396,,PK-06,2.0,69,October Count Day,14342,0,14342,989598,0,989598,17394.40476,SU032,WASHINGTON CENTRAL SU,1,0,1,0,0,0,0
VT,2018-2019,U092,PS091,Washington Central Unified Union School District #92,EAST MONTPELIER ELEM SCHOOL,5003690.0,5000439,46501200700000.0,500043900110,,PK-06,2.0,184,October Count Day,12628,0,12628,2323552,0,2323552,15553.77578,SU032,WASHINGTON CENTRAL SU,1,0,1,0,0,0,0
VT,2018-2019,U092,PS181,Washington Central Unified Union School District #92,RUMNEY MEMORIAL SCHOOL (MIDDLESEX),5005550.0,5000439,46501201000000.0,500043900190,,PK-06,2.0,149,October Count Day,12087,0,12087,1800963,0,1800963,15974.21469,SU032,WASHINGTON CENTRAL SU,1,0,1,0,0,0,0
VT,2018-2019,U092,PS305,Washington Central Unified Union School District #92,U32 UHS #32,5008237.0,5000439,46501280200000.0,500043900339,,07-12,4.0,726,October Count Day,13765,0,13765,9993390,0,9993390,16763.10368,SU032,WASHINGTON CENTRAL SU,1,0,1,0,0,0,0
VT,2018-2019,T227,PS407,Weathersfield School District,WEATHERSFIELD SCHOOL,5008700.0,5008700,46501402200000.0,500870000536,226.0,PK-08,3.0,226,October Count Day,10023,0,10023,2265198,0,2265198,,SU052,WINDSOR SOUTHEAST SU,1,0,1,0,0,1,1
VT,2018-2019,U069,PS182,Wells Spring Unified Union School District,MIDDLETOWN SPRINGS ELEM SCHOOL,5000409.0,5000409,46501190800000.0,500040900191,66.0,PK-06,2.0,52,October Count Day,16217,429,16646,843284,22308,865592,21376.68852,SU066,GREATER RUTLAND COUNTY SU,1,0,1,0,0,0,0
VT,2018-2019,U069,PS328,Wells Spring Unified Union School District,WELLS VILLAGE SCHOOL,5000409.0,5000409,46501190800000.0,500040900367,90.0,PK-06,2.0,76,October Count Day,12584,333,12917,956384,25308,981692,17647.68852,SU066,GREATER RUTLAND COUNTY SU,1,0,1,0,0,0,0
VT,2018-2019,U072A,PS149,West River Valley Modified Union Education District #72A,JAMAICA VILLAGE SCHOOL,5004920.0,5000449,46501300900000.0,500044900165,,PK-05,2.0,55,October Count Day,12572,559,13131,691460,30745,722205,15857.90476,SU046,WINDHAM CENTRAL SU,1,0,1,0,0,0,0
VT,2018-2019,U072A,PS408,West River Valley Modified Union Education District #72A,NEWBROOK ELEMENTARY SCHOOL,5000374.0,5000449,46501310500000.0,500044900537,,PK-05,2.0,122,October Count Day,10562,0,10562,1288564,0,1288564,12988.81013,SU046,WINDHAM CENTRAL SU,1,0,1,0,0,0,0
VT,2018-2019,U072A,PS301,West River Valley Modified Union Education District #72A,TOWNSHEND VILLAGE SCHOOL,5008100.0,5000449,46501301600000.0,500044900327,,PK-05,2.0,68,October Count Day,10486,414,10900,713048,28152,741200,14230.76923,SU046,WINDHAM CENTRAL SU,1,0,1,0,0,0,0
VT,2018-2019,U072B,PS161,West River Valley Modified Union Education District #72B,LELAND AND GRAY UHS #34,5005120.0,5000432,46501380100000.0,500043200173,,06-12,4.0,273,October Count Day,14879,383,15262,4061967,104559,4166526,17395.6044,SU046,WINDHAM CENTRAL SU,1,0,1,0,0,0,0
VT,2018-2019,U079,PS034,White River Unified School District,BETHEL ELEMENTARY SCHOOL,5000426.0,5000426,46501490600000.0,500042600036,153.0,PK-05,2.0,133,October Count Day,19497,0,19497,2593101,0,2593101,,SU030,WHITE RIVER VALLEY SU,1,0,1,0,0,0,1
VT,2018-2019,U079,PS274,White River Unified School District,SO ROYALTON ELEM SCHOOL,5000426.0,5000426,46501490600000.0,500042600547,182.0,PK-05,2.0,158,October Count Day,12766,0,12766,2017028,0,2017028,,SU030,WHITE RIVER VALLEY SU,1,0,1,0,0,0,1
VT,2018-2019,U079,PS417,White River Unified School District,WHITE RIVER VALLEY HIGH SCHOOL,5000426.0,5000426,46501490600000.0,500042600543,180.0,09-12,4.0,180,October Count Day,10788,0,10788,1941840,0,1941840,,SU030,WHITE RIVER VALLEY SU,1,0,1,0,0,0,1
VT,2018-2019,U079,PS416,White River Unified School District,WHITE RIVER VALLEY MIDDLE SCHOOL,5000426.0,5000426,46501490600000.0,500042600545,119.0,06-08,3.0,119,October Count Day,16317,0,16317,1941723,0,1941723,,SU030,WHITE RIVER VALLEY SU,1,0,1,0,0,0,1
VT,2018-2019,U095,PS120,Windham Northeast Union Elementary School District #95,ATHENS/GRAFTON JOINT CONTRACT SCHOOL,5000026.0,5000446,46501310100000.0,500044600138,,PK-06,2.0,56,October Count Day,0,0,0,0,0,0,,SU047,WINDHAM NORTHEAST SU,1,0,1,0,0,1,0
VT,2018-2019,U095,PS334,Windham Northeast Union Elementary School District #95,WESTMINSTER SCHOOLS,5008970.0,5000446,46501301900000.0,500044600460,,PK-06,2.0,183,October Count Day,0,0,0,0,0,0,,SU047,WINDHAM NORTHEAST SU,1,0,1,0,0,1,0
VT,2018-2019,T246,PS347,Windham School District,WINDHAM ELEMENTARY SCHOOL,5009270.0,5009270,46501302200000.0,500927000384,23.0,PK-06,2.0,16,October Count Day,16040,0,16040,256640,0,256640,,SU046,WINDHAM CENTRAL SU,1,0,1,0,0,1,1
VT,2018-2019,U096,PS001,Windham Southeast Unified Union School District #96,ACADEMY SCHOOL,5002490.0,5000431,46501300200000.0,500043100079,,PK-06,2.0,353,October Count Day,7630,6568,14198,2693390,2318504,5011894,15483.1941,SU048,WINDHAM SOUTHEAST SU,1,0,1,0,0,1,0
VT,2018-2019,U096,PS367,Windham Southeast Unified Union School District #96,BRATT AREA MIDDLE SCHOOL #6,5002520.0,5000431,46501350100000.0,500043100485,,07-08,3.0,284,October Count Day,15520,294,15814,4407680,83496,4491176,22011.13339,SU048,WINDHAM SOUTHEAST SU,1,0,1,0,0,0,0
VT,2018-2019,U096,PS040,Windham Southeast Unified Union School District #96,BRATTLEBORO UHS #6,5002520.0,5000431,46501350100000.0,500043100051,,09-12,4.0,794,October Count Day,12670,240,12910,10059980,190560,10250540,19107.13339,SU048,WINDHAM SOUTHEAST SU,1,0,1,0,0,0,0
VT,2018-2019,U096,PS087,Windham Southeast Unified Union School District #96,DUMMERSTON SCHOOLS,5003570.0,5000431,46501300500000.0,500043100430,,PK-08,3.0,145,October Count Day,15616,179,15795,2264320,25955,2290275,17090.30303,SU048,WINDHAM SOUTHEAST SU,1,0,1,0,0,0,0
VT,2018-2019,U096,PS385,Windham Southeast Unified Union School District #96,GREEN STREET SCHOOL,5002490.0,5000431,46501300200000.0,500043100061,,PK-06,2.0,227,October Count Day,8533,7345,15878,1936991,1667315,3604306,17163.1941,SU048,WINDHAM SOUTHEAST SU,1,0,1,0,0,1,0
VT,2018-2019,U096,PS128,Windham Southeast Unified Union School District #96,GUILFORD CENTRAL SCHOOL,5004470.0,5000431,46501300700000.0,500043100144,,PK-06,2.0,102,October Count Day,15996,937,16933,1631592,95574,1727166,19446.28986,SU048,WINDHAM SOUTHEAST SU,1,0,1,0,0,0,0
VT,2018-2019,U096,PS383,Windham Southeast Unified Union School District #96,OAK GROVE SCHOOL,5002490.0,5000431,46501300200000.0,500043100056,,PK-06,2.0,126,October Count Day,10503,9041,19544,1323378,1139166,2462544,20829.1941,SU048,WINDHAM SOUTHEAST SU,1,0,1,0,0,1,0
VT,2018-2019,U096,PS234,Windham Southeast Unified Union School District #96,PUTNEY CENTRAL SCHOOL,5006690.0,5000431,46501301300000.0,500043100249,,PK-08,3.0,162,October Count Day,12573,794,13367,2036826,128628,2165454,17276.09375,SU048,WINDHAM SOUTHEAST SU,1,0,1,0,0,0,0
VT,2018-2019,U096,VC014,Windham Southeast Unified Union School District #96,Windham Regional Career Center,,5000431,,500043100102,,09-12,4.0,NRD,October Count Day,NRD,NRD,NRD,NRD,NRD,NRD,,NRD,NRD,1,0,1,0,0,1,0
VT,2018-2019,U076A,PS267,Windsor Central Modified Unified Union School District #76A,KILLINGTON ELEMENTARY SCHOOL,5000428.0,5000428,,500042800287,98.0,PK-06,2.0,86,October Count Day,15993,0,15993,1375398,0,1375398,,SU051,WINDSOR CENTRAL SU,1,0,1,0,0,0,1
VT,2018-2019,U076A,PS239,Windsor Central Modified Unified Union School District #76A,READING ELEMENTARY SCHOOL,5000428.0,5000428,,500042800253,53.0,PK-03,2.0,37,October Count Day,21031,0,21031,778147,0,778147,,SU051,WINDSOR CENTRAL SU,1,0,1,0,0,0,1
VT,2018-2019,U076A,PS409,Windsor Central Modified Unified Union School District #76A,THE PROSPER VALLEY SCH,5000428.0,5000428,,500042800538,77.0,PK-06,2.0,67,October Count Day,16982,0,16982,1137794,0,1137794,,SU051,WINDSOR CENTRAL SU,1,0,1,0,0,0,1
VT,2018-2019,U076A,PS355,Windsor Central Modified Unified Union School District #76A,WOODSTOCK ELEMENTARY SCHOOL,5000428.0,5000428,,500042800394,233.0,PK-06,2.0,186,October Count Day,13122,0,13122,2440692,0,2440692,,SU051,WINDSOR CENTRAL SU,1,0,1,0,0,0,1
VT,2018-2019,U076B,PS356,Windsor Central Modified Unified Union School District #76B,WOODSTOCK MIDDLE SR UHS #4,5000416.0,5000416,46501490300000.0,500041600395,501.0,07-12,4.0,501,October Count Day,14733,0,14733,7381233,0,7381233,23317.99688,SU051,WINDSOR CENTRAL SU,1,0,1,0,0,0,0
VT,2018-2019,T249,PS154,Winooski School District,J F KENNEDY ELEM SCHOOL,5009360.0,5009360,46500450100000.0,500936000388,486.0,PK-05,2.0,365,October Count Day,14354,0,14354,5239210,0,5239210,,SU017,WINOOSKI SD,1,0,1,0,0,0,1
VT,2018-2019,T249,PS351,Winooski School District,WINOOSKI HIGH SCHOOL,5009360.0,5009360,46500450100000.0,500936000389,211.0,09-12,4.0,211,October Count Day,15247,0,15247,3217117,0,3217117,,SU017,WINOOSKI SD,1,0,1,0,0,0,1
VT,2018-2019,T249,PS401,Winooski School District,WINOOSKI MIDDLE SCHOOL,5009360.0,5009360,46500450100000.0,500936000183,168.0,06-08,3.0,168,October Count Day,16240,0,16240,2728320,0,2728320,,SU017,WINOOSKI SD,1,0,1,0,0,0,1
VT,2018-2019,T250,PS352,Wolcott School District,WOLCOTT ELEMENTARY SCHOOL,5009390.0,5009390,46500801000000.0,500939000391,143.0,PK-06,2.0,127,October Count Day,9628,0,9628,1222756,0,1222756,11411.97279,SU035,ORLEANS SOUTHWEST SU,1,0,1,0,0,0,0
VT,2018-2019,SC001,SC001,Woodside Juvenile Rehabilitation Center,Woodside Juvenile Rehabilitation Center,5000005.0,5000005,,500000500251,9.0,07-12,4.0,NRD,October Count Day,NRD,NRD,NRD,NRD,NRD,NRD,,NRD,NRD,1,0,1,0,0,1,1
